playerID,year,stint,tmID,GP,GS,minutes,points,oRebounds,dRebounds,rebounds,assists,steals,blocks,turnovers,PF,fgAttempted,fgMade,ftAttempted,ftMade,threeAttempted,threeMade,dq,PostGP,PostGS,PostMinutes,PostPoints,PostoRebounds,PostdRebounds,PostRebounds,PostAssists,PostSteals,PostBlocks,PostTurnovers,PostPF,PostfgAttempted,PostfgMade,PostftAttempted,PostftMade,PostthreeAttempted,PostthreeMade,PostDQ
abrossv01w,3,0,MIN,27,27,805,314,45,101,146,60,42,10,92,73,316,119,116,56,60,20,0,0,0,0,0,0,0,0,0,0,0,0,0,0,0,0,0,0,0,0
abrossv01w,6,0,MIN,31,31,777,304,29,78,107,60,48,6,80,86,276,109,73,53,82,33,0,0,0,0,0,0,0,0,0,0,0,0,0,0,0,0,0,0,0,0
abrossv01w,7,0,MIN,34,2,724,263,44,62,106,54,34,1,61,66,241,99,62,41,65,24,0,0,0,0,0,0,0,0,0,0,0,0,0,0,0,0,0,0,0,0
abrossv01w,8,0,MIN,34,29,843,345,53,97,150,85,44,4,68,86,298,132,43,36,101,45,0,0,0,0,0,0,0,0,0,0,0,0,0,0,0,0,0,0,0,0
adamsjo01w,4,0,MIN,10,0,96,33,10,13,23,4,2,3,10,10,33,13,2,2,12,5,0,0,0,0,0,0,0,0,0,0,0,0,0,0,0,0,0,0,0,0
aguilel01w,3,0,UTA,28,0,141,43,0,11,11,16,3,2,11,5,33,14,7,4,21,11,0,2,0,4,0,0,0,0,2,0,0,0,1,0,0,0,0,0,0,0
aldrima01w,2,0,WAS,5,0,35,7,2,0,2,2,0,0,4,5,9,3,1,1,3,0,0,0,0,0,0,0,0,0,0,0,0,0,0,0,0,0,0,0,0,0
alhalta01w,2,0,ORL,26,1,252,49,15,23,38,14,11,0,28,20,58,19,14,7,11,4,0,0,0,0,0,0,0,0,0,0,0,0,0,0,0,0,0,0,0,0
allench01w,9,0,SAC,6,0,49,16,2,4,6,3,1,0,6,5,16,7,0,0,6,2,0,2,0,3,0,0,0,0,0,0,0,1,1,0,0,0,0,0,0,0
amachma01w,2,0,NYL,2,0,3,1,1,0,1,0,0,1,1,2,0,0,2,1,0,0,0,0,0,0,0,0,0,0,0,0,0,0,0,0,0,0,0,0,0,0
amachma01w,4,0,SEA,7,0,47,8,4,10,14,0,5,2,9,3,10,3,4,2,0,0,0,0,0,0,0,0,0,0,0,0,0,0,0,0,0,0,0,0,0,0
amachma01w,6,0,WAS,3,0,3,2,0,0,0,0,0,0,0,0,1,0,2,2,0,0,0,0,0,0,0,0,0,0,0,0,0,0,0,0,0,0,0,0,0,0
ambermo01w,3,0,SAC,2,0,4,0,0,0,0,0,0,0,0,2,0,0,0,0,0,0,0,0,0,0,0,0,0,0,0,0,0,0,0,0,0,0,0,0,0,0
anderam01w,7,1,CON,1,0,1,0,0,2,2,0,0,0,0,0,0,0,0,0,0,0,0,0,0,0,0,0,0,0,0,0,0,0,0,0,0,0,0,0,0,0
anderch01w,5,0,SAC,30,0,231,77,14,20,34,5,3,6,25,46,64,25,37,27,0,0,0,2,0,11,2,0,2,2,1,0,0,1,1,2,1,0,0,0,0,0
anderch01w,7,0,SAS,23,20,414,153,28,57,85,15,7,10,29,73,112,59,45,35,0,0,0,0,0,0,0,0,0,0,0,0,0,0,0,0,0,0,0,0,0,0
anderch01w,8,0,SAS,11,1,86,28,6,14,20,3,1,5,5,11,20,10,12,8,0,0,0,2,0,5,2,1,0,1,0,0,0,0,3,1,0,2,2,0,0,0
anderjo01w,9,0,CON,24,7,367,97,11,47,58,26,7,1,16,17,126,35,15,11,69,16,0,0,0,0,0,0,0,0,0,0,0,0,0,0,0,0,0,0,0,0
anderke01w,2,0,CHA,18,0,102,12,3,12,15,14,6,0,17,8,16,2,10,8,2,0,0,2,0,7,0,0,0,0,1,1,0,1,1,1,0,0,0,1,0,0
anderke01w,3,0,CHA,7,0,31,7,2,4,6,5,0,0,3,4,12,3,0,0,4,1,0,0,0,0,0,0,0,0,0,0,0,0,0,0,0,0,0,0,0,0
andrame01w,5,0,CHA,12,0,65,9,1,3,4,7,0,1,3,12,7,3,3,3,1,0,0,0,0,0,0,0,0,0,0,0,0,0,0,0,0,0,0,0,0,0
askamma01w,2,0,MIA,30,11,431,74,35,52,87,15,12,11,19,62,58,28,32,18,0,0,0,0,0,0,0,0,0,0,0,0,0,0,0,0,0,0,0,0,0,0
askamma01w,3,1,MIA,6,1,72,11,6,5,11,3,1,1,1,9,10,4,11,3,0,0,0,0,0,0,0,0,0,0,0,0,0,0,0,0,0,0,0,0,0,0
atkinla01w,8,0,SAC,28,0,226,58,13,31,44,15,10,5,33,15,47,22,19,14,2,0,0,2,0,7,0,0,0,0,0,1,0,1,0,2,0,0,0,0,0,0
atkinla01w,9,0,SAC,5,1,73,14,3,11,14,8,5,2,10,5,16,6,4,2,1,0,0,0,0,0,0,0,0,0,0,0,0,0,0,0,0,0,0,0,0,0
atkinla01w,10,0,SEA,2,1,46,5,6,12,18,5,10,1,4,5,8,2,2,1,1,0,0,0,0,0,0,0,0,0,0,0,0,0,0,0,0,0,0,0,0,0
augusse01w,9,0,MIN,31,31,1042,591,28,92,120,83,32,12,52,46,496,233,118,105,63,20,0,0,0,0,0,0,0,0,0,0,0,0,0,0,0,0,0,0,0,0
augusse01w,10,0,MIN,6,6,178,126,4,21,25,9,12,3,13,5,86,49,21,19,14,9,0,0,0,0,0,0,0,0,0,0,0,0,0,0,0,0,0,0,0,0
aycocan01w,1,1,SEA,1,0,7,0,1,1,2,0,0,0,0,2,3,0,0,0,2,0,0,0,0,0,0,0,0,0,0,0,0,0,0,0,0,0,0,0,0,0
azizle01w,4,0,IND,7,0,44,10,2,7,9,1,0,4,3,5,14,4,4,2,0,0,0,0,0,0,0,0,0,0,0,0,0,0,0,0,0,0,0,0,0,0
azzije01w,1,0,UTA,15,15,559,144,5,36,41,92,12,5,28,43,104,47,43,40,24,10,0,0,0,0,0,0,0,0,0,0,0,0,0,0,0,0,0,0,0,0
badertr01w,2,0,CLE,19,0,114,21,2,10,12,11,5,0,8,7,20,8,0,0,13,5,0,1,0,4,0,1,0,1,0,0,0,0,0,2,0,0,0,2,0,0
badertr01w,3,0,CLE,18,0,132,14,1,6,7,15,6,1,7,3,26,4,6,5,14,1,0,0,0,0,0,0,0,0,0,0,0,0,0,0,0,0,0,0,0,0
bakersh01w,7,0,NYL,34,16,614,251,23,33,56,35,46,2,50,69,251,97,56,48,33,9,0,0,0,0,0,0,0,0,0,0,0,0,0,0,0,0,0,0,0,0
bakersh01w,8,1,NYL,3,0,13,5,0,1,1,0,0,0,0,1,2,2,0,0,1,1,0,0,0,0,0,0,0,0,0,0,0,0,0,0,0,0,0,0,0,0
bakersh01w,9,0,IND,13,0,110,49,7,15,22,15,9,1,11,15,37,12,34,25,1,0,0,0,0,0,0,0,0,0,0,0,0,0,0,0,0,0,0,0,0,0
bakersh01w,10,0,DET,1,0,11,7,1,0,1,1,1,0,1,1,3,2,3,3,0,0,0,0,0,0,0,0,0,0,0,0,0,0,0,0,0,0,0,0,0,0
balesal01w,8,0,IND,17,0,169,55,12,33,45,2,4,13,7,14,42,24,8,7,0,0,0,4,0,17,0,0,2,2,1,0,0,1,2,4,0,0,0,0,0,0
balesal01w,9,1,IND,14,0,126,37,7,15,22,2,5,14,3,18,36,14,9,7,5,2,0,0,0,0,0,0,0,0,0,0,0,0,0,0,0,0,0,0,0,0
banchrh01w,1,0,SAC,9,0,21,6,2,1,3,1,0,0,2,3,7,2,4,2,2,0,0,0,0,0,0,0,0,0,0,0,0,0,0,0,0,0,0,0,0,0
barksla01w,2,0,POR,5,0,35,2,1,5,6,4,2,0,1,3,10,1,0,0,3,0,0,0,0,0,0,0,0,0,0,0,0,0,0,0,0,0,0,0,0,0
barksla01w,3,0,POR,17,3,285,100,18,22,40,12,8,7,23,31,101,36,26,23,22,5,0,0,0,0,0,0,0,0,0,0,0,0,0,0,0,0,0,0,0,0
barksla01w,4,0,SAS,26,0,168,59,8,25,33,5,1,3,10,21,79,21,2,2,52,15,0,0,0,0,0,0,0,0,0,0,0,0,0,0,0,0,0,0,0,0
barnead01w,1,0,CLE,5,0,18,8,2,0,2,4,0,0,2,2,5,3,4,2,1,0,0,4,0,6,2,0,1,1,2,0,0,1,0,2,1,0,0,1,0,0
barnead01w,2,0,CLE,3,0,3,2,0,1,1,0,0,0,0,0,1,1,0,0,0,0,0,0,0,0,0,0,0,0,0,0,0,0,0,0,0,0,0,0,0,0
barnequ01w,2,0,SEA,20,3,229,68,14,20,34,11,9,6,16,29,59,23,27,21,1,1,0,0,0,0,0,0,0,0,0,0,0,0,0,0,0,0,0,0,0,0
barnequ01w,3,0,PHO,2,0,13,3,0,1,1,0,1,2,0,1,7,0,4,3,0,0,0,0,0,0,0,0,0,0,0,0,0,0,0,0,0,0,0,0,0,0
batteja01w,6,0,MIN,8,0,46,0,0,5,5,3,0,1,3,4,6,0,0,0,0,0,0,0,0,0,0,0,0,0,0,0,0,0,0,0,0,0,0,0,0,0
batteja01w,7,0,DET,26,1,178,36,13,12,25,7,2,3,4,21,54,15,7,4,14,2,0,4,0,9,0,0,0,0,1,0,0,0,1,2,0,0,0,1,0,0
battlas01w,6,0,SEA,2,0,8,2,0,2,2,0,0,0,1,1,2,1,0,0,0,0,0,0,0,0,0,0,0,0,0,0,0,0,0,0,0,0,0,0,0,0
battlas01w,7,0,NYL,33,2,455,143,13,49,62,29,31,3,38,32,141,54,25,20,46,15,0,0,0,0,0,0,0,0,0,0,0,0,0,0,0,0,0,0,0,0
battlas01w,8,0,NYL,34,5,757,252,32,94,126,56,35,2,48,50,244,89,58,45,93,29,0,3,0,63,11,0,7,7,4,1,0,1,8,14,5,2,1,2,0,0
battlas01w,10,0,NYL,34,3,548,177,17,68,85,40,31,2,52,48,148,63,46,32,46,19,0,0,0,0,0,0,0,0,0,0,0,0,0,0,0,0,0,0,0,0
bauerca01w,2,0,WAS,15,0,102,15,8,10,18,3,2,1,6,12,17,5,10,5,1,0,0,0,0,0,0,0,0,0,0,0,0,0,0,0,0,0,0,0,0,0
bauerca01w,3,0,SAC,25,2,233,43,14,27,41,1,2,5,25,34,57,17,15,9,0,0,0,0,0,0,0,0,0,0,0,0,0,0,0,0,0,0,0,0,0,0
beardal01w,6,0,WAS,30,30,1015,422,25,105,130,90,45,9,63,87,408,155,105,80,101,32,0,0,0,0,0,0,0,0,0,0,0,0,0,0,0,0,0,0,0,0
beckki01w,9,0,SEA,17,0,93,17,2,10,12,6,4,2,4,7,9,4,6,5,6,4,0,2,0,5,0,0,0,0,0,0,0,0,0,1,0,0,0,1,0,0
bennije01w,6,0,IND,10,0,52,9,3,3,6,4,1,1,4,5,8,3,4,3,2,0,0,0,0,0,0,0,0,0,0,0,0,0,0,0,0,0,0,0,0,0
berezva01w,9,0,SAS,2,0,6,0,0,0,0,0,0,0,0,2,2,0,0,0,1,0,0,0,0,0,0,0,0,0,0,0,0,0,0,0,0,0,0,0,0,0
berthlu01w,3,0,CLE,5,0,16,8,3,1,4,0,0,0,0,5,7,3,4,2,1,0,0,0,0,0,0,0,0,0,0,0,0,0,0,0,0,0,0,0,0,0
beviltu01w,2,0,POR,31,31,788,153,27,61,88,103,59,6,52,102,119,39,71,52,73,23,0,0,0,0,0,0,0,0,0,0,0,0,0,0,0,0,0,0,0,0
beviltu01w,3,0,POR,27,19,421,84,7,26,33,44,22,3,27,49,61,25,29,19,36,15,0,0,0,0,0,0,0,0,0,0,0,0,0,0,0,0,0,0,0,0
beviltu01w,4,0,SEA,31,0,252,58,9,17,26,32,14,1,20,30,51,17,21,16,21,8,0,0,0,0,0,0,0,0,0,0,0,0,0,0,0,0,0,0,0,0
bibbyje01w,1,0,NYL,17,0,69,19,3,2,5,11,3,0,12,9,18,3,13,11,6,2,0,3,0,8,4,0,0,0,2,0,0,2,0,2,2,0,0,0,0,0
bibrzag01w,5,0,SAS,24,9,465,159,5,23,28,40,21,7,32,38,151,55,26,23,84,26,0,0,0,0,0,0,0,0,0,0,0,0,0,0,0,0,0,0,0,0
bjorkte01w,5,0,CHA,4,0,13,2,0,0,0,0,0,0,1,1,3,1,0,0,0,0,0,0,0,0,0,0,0,0,0,0,0,0,0,0,0,0,0,0,0,0
blackde01w,1,0,MIA,32,32,820,152,23,69,92,98,58,1,50,86,150,57,42,29,42,9,0,0,0,0,0,0,0,0,0,0,0,0,0,0,0,0,0,0,0,0
blackde01w,4,0,CON,34,0,373,55,16,35,51,46,20,2,18,33,68,24,9,6,3,1,0,4,0,29,8,1,1,2,2,2,0,0,2,10,4,0,0,0,0,0
blodgci01w,1,0,SAC,20,0,133,52,1,8,9,3,8,1,13,9,50,20,6,4,28,8,0,0,0,0,0,0,0,0,0,0,0,0,0,0,0,0,0,0,0,0
blueni01w,7,0,WAS,24,0,181,54,7,13,20,36,18,0,18,36,54,14,31,25,12,1,0,1,0,3,0,0,1,1,0,1,0,0,0,1,0,0,0,1,0,0
blueni01w,8,0,WAS,30,1,420,107,13,50,63,48,22,5,37,55,108,35,37,31,27,6,0,0,0,0,0,0,0,0,0,0,0,0,0,0,0,0,0,0,0,0
blueni01w,9,0,WAS,26,22,537,99,15,26,41,73,19,2,42,59,102,33,25,19,32,14,0,0,0,0,0,0,0,0,0,0,0,0,0,0,0,0,0,0,0,0
blueni01w,10,0,WAS,16,0,91,24,2,8,10,12,7,0,13,12,24,7,10,7,9,3,0,0,0,0,0,0,0,0,0,0,0,0,0,0,0,0,0,0,0,0
blueoc01w,4,0,HOU,16,0,37,4,1,1,2,2,0,0,2,3,4,1,4,2,0,0,0,1,0,4,0,0,0,0,1,0,0,2,0,1,0,0,0,0,0,0
blueoc01w,5,0,HOU,13,3,155,44,12,9,21,5,1,0,7,10,42,16,13,12,4,0,0,0,0,0,0,0,0,0,0,0,0,0,0,0,0,0,0,0,0,0
bobbish01w,10,0,LAS,33,3,353,71,11,22,33,46,15,1,28,34,85,26,13,11,37,8,0,3,0,11,0,0,1,1,0,0,0,1,3,4,0,0,0,2,0,0
boddiwh01w,10,0,SAC,4,0,9,2,0,0,0,0,1,0,1,1,1,1,0,0,0,0,0,0,0,0,0,0,0,0,0,0,0,0,0,0,0,0,0,0,0,0
boltoru01w,3,0,SAC,32,1,737,349,31,63,94,37,45,2,35,74,316,125,77,56,132,43,0,0,0,0,0,0,0,0,0,0,0,0,0,0,0,0,0,0,0,0
bondla01w,9,0,IND,32,1,325,74,7,24,31,27,15,4,33,56,90,26,16,13,42,9,0,0,0,0,0,0,0,0,0,0,0,0,0,0,0,0,0,0,0,0
bonfisu01w,3,0,PHO,22,6,306,105,16,21,37,23,12,0,18,35,89,43,25,19,6,0,0,0,0,0,0,0,0,0,0,0,0,0,0,0,0,0,0,0,0,0
bowenli01w,8,0,NYL,6,1,37,9,0,2,2,1,0,0,4,0,10,3,0,0,6,3,0,0,0,0,0,0,0,0,0,0,0,0,0,0,0,0,0,0,0,0
boydca01w,2,0,DET,21,0,230,75,10,16,26,14,11,2,16,32,67,23,20,18,36,11,0,0,0,0,0,0,0,0,0,0,0,0,0,0,0,0,0,0,0,0
braxtka01w,6,0,DET,33,2,455,227,42,58,100,14,18,13,52,78,210,97,60,33,1,0,0,2,0,36,15,4,3,7,2,0,0,3,5,18,5,6,5,0,0,0
brazian01w,1,0,CHA,22,3,203,51,16,18,34,5,5,0,17,24,49,19,19,13,0,0,0,0,0,0,0,0,0,0,0,0,0,0,0,0,0,0,0,0,0,0
brazian01w,2,0,IND,23,0,341,127,21,56,77,7,9,13,20,27,115,50,35,27,1,0,0,0,0,0,0,0,0,0,0,0,0,0,0,0,0,0,0,0,0,0
bristre01w,2,0,CHA,1,0,5,0,2,0,2,0,0,0,1,0,1,0,0,0,0,0,0,0,0,0,0,0,0,0,0,0,0,0,0,0,0,0,0,0,0,0
brondsa01w,3,0,MIA,30,23,763,263,7,34,41,46,26,4,40,40,266,97,67,55,44,14,0,0,0,0,0,0,0,0,0,0,0,0,0,0,0,0,0,0,0,0
brondsa01w,4,0,SEA,34,34,975,280,19,37,56,69,31,2,37,58,282,117,31,25,48,21,0,0,0,0,0,0,0,0,0,0,0,0,0,0,0,0,0,0,0,0
brownco01w,4,0,IND,30,2,522,186,11,30,41,31,21,4,36,30,164,61,33,28,100,36,0,0,0,0,0,0,0,0,0,0,0,0,0,0,0,0,0,0,0,0
brownco01w,5,0,IND,26,0,398,104,10,24,34,41,7,1,31,31,108,37,16,10,56,20,0,0,0,0,0,0,0,0,0,0,0,0,0,0,0,0,0,0,0,0
brownco01w,6,0,IND,6,0,23,6,0,2,2,3,1,0,3,1,5,2,0,0,5,2,0,0,0,0,0,0,0,0,0,0,0,0,0,0,0,0,0,0,0,0
brownco01w,7,0,CHI,15,2,252,48,4,18,22,26,10,0,18,12,59,16,8,4,44,12,0,0,0,0,0,0,0,0,0,0,0,0,0,0,0,0,0,0,0,0
browned01w,1,0,DET,32,7,619,188,36,52,88,72,24,5,68,77,168,60,80,67,4,1,0,0,0,0,0,0,0,0,0,0,0,0,0,0,0,0,0,0,0,0
browned01w,3,0,DET,28,7,549,115,29,53,82,58,25,7,60,73,131,43,32,23,12,6,0,0,0,0,0,0,0,0,0,0,0,0,0,0,0,0,0,0,0,0
browned01w,4,0,PHO,34,6,524,118,29,42,71,62,30,7,47,44,152,41,44,36,3,0,0,0,0,0,0,0,0,0,0,0,0,0,0,0,0,0,0,0,0,0
browned01w,7,0,HOU,4,0,28,4,1,3,4,1,1,0,2,2,5,1,2,2,0,0,0,0,0,0,0,0,0,0,0,0,0,0,0,0,0,0,0,0,0,0
brownki01w,3,0,WAS,18,0,108,28,4,8,12,6,5,0,5,10,35,12,3,3,11,1,0,2,0,15,6,0,1,1,1,2,0,0,3,6,3,0,0,2,0,0
brownki01w,4,0,WAS,27,0,269,60,6,26,32,28,13,1,22,23,72,24,3,2,33,10,0,0,0,0,0,0,0,0,0,0,0,0,0,0,0,0,0,0,0,0
brownki01w,6,1,WAS,2,0,14,2,0,0,0,0,2,0,2,0,2,1,0,0,1,0,0,0,0,0,0,0,0,0,0,0,0,0,0,0,0,0,0,0,0,0
brownki01w,7,0,NYL,16,0,58,20,2,6,8,9,2,0,3,7,20,6,8,7,4,1,0,0,0,0,0,0,0,0,0,0,0,0,0,0,0,0,0,0,0,0
brownki01w,8,1,MIN,3,0,29,11,2,3,5,2,1,1,2,5,9,2,8,6,3,1,0,0,0,0,0,0,0,0,0,0,0,0,0,0,0,0,0,0,0,0
brownki01w,10,0,CON,34,0,393,130,9,46,55,38,13,3,29,35,123,47,22,18,54,18,0,0,0,0,0,0,0,0,0,0,0,0,0,0,0,0,0,0,0,0
brownru01w,3,0,CLE,28,2,468,112,29,46,75,27,21,8,39,54,105,42,38,28,1,0,0,0,0,0,0,0,0,0,0,0,0,0,0,0,0,0,0,0,0,0
brumfma01w,2,0,MIA,27,0,247,44,8,17,25,32,20,0,24,27,60,17,5,5,15,5,0,2,0,4,2,0,0,0,0,1,0,0,0,2,1,0,0,1,0,0
brumfma01w,4,0,CHA,25,0,123,18,1,9,10,14,1,1,6,13,16,6,6,6,3,0,0,2,0,7,3,0,0,0,1,0,0,1,1,2,1,2,1,0,0,0
brungje01w,6,0,CON,12,0,47,2,1,5,6,2,0,0,2,4,9,1,0,0,4,0,0,0,0,0,0,0,0,0,0,0,0,0,0,0,0,0,0,0,0,0
brungje01w,7,0,CON,4,0,7,0,0,0,0,0,0,0,1,0,0,0,0,0,0,0,0,0,0,0,0,0,0,0,0,0,0,0,0,0,0,0,0,0,0,0
brunsre01w,10,0,SAC,27,17,665,331,67,123,190,9,40,16,45,57,255,124,106,83,1,0,0,0,0,0,0,0,0,0,0,0,0,0,0,0,0,0,0,0,0,0
burgean01w,2,0,WAS,31,27,731,124,27,49,76,88,26,2,60,45,141,47,27,16,47,14,0,0,0,0,0,0,0,0,0,0,0,0,0,0,0,0,0,0,0,0
burraal01w,1,0,POR,21,4,314,159,20,54,74,6,3,7,36,36,109,64,41,31,0,0,0,0,0,0,0,0,0,0,0,0,0,0,0,0,0,0,0,0,0,0
burraal01w,2,0,POR,26,1,272,106,22,37,59,10,5,3,30,30,83,44,31,18,0,0,0,0,0,0,0,0,0,0,0,0,0,0,0,0,0,0,0,0,0,0
burraal01w,3,0,POR,32,24,633,278,52,95,147,7,10,7,49,58,186,117,52,44,0,0,0,0,0,0,0,0,0,0,0,0,0,0,0,0,0,0,0,0,0,0
burraal01w,4,0,SEA,27,2,270,89,27,34,61,5,5,5,25,58,75,35,27,19,0,0,0,0,0,0,0,0,0,0,0,0,0,0,0,0,0,0,0,0,0,0
burseja01w,2,0,MIN,20,0,169,47,23,19,42,5,2,15,20,20,48,16,20,15,1,0,0,0,0,0,0,0,0,0,0,0,0,0,0,0,0,0,0,0,0,0
burseja01w,3,0,MIN,31,2,344,83,29,31,60,7,7,13,18,60,83,31,36,21,1,0,0,0,0,0,0,0,0,0,0,0,0,0,0,0,0,0,0,0,0,0
byearla01w,4,0,LAS,5,0,72,28,12,9,21,2,0,2,2,12,25,10,11,8,1,0,0,0,0,0,0,0,0,0,0,0,0,0,0,0,0,0,0,0,0,0
byearla01w,8,0,HOU,30,0,327,151,37,38,75,16,23,5,37,60,110,65,36,21,0,0,0,0,0,0,0,0,0,0,0,0,0,0,0,0,0,0,0,0,0,0
byearla01w,9,0,HOU,11,0,46,18,5,7,12,1,3,0,1,16,17,8,3,2,0,0,0,0,0,0,0,0,0,0,0,0,0,0,0,0,0,0,0,0,0,0
campbed01w,1,0,SEA,16,16,510,222,8,26,34,37,19,4,40,35,215,84,58,41,49,13,0,0,0,0,0,0,0,0,0,0,0,0,0,0,0,0,0,0,0,0
campbed01w,3,0,SAC,1,0,12,4,0,1,1,0,1,0,0,0,5,2,0,0,2,0,0,0,0,0,0,0,0,0,0,0,0,0,0,0,0,0,0,0,0,0
campbed01w,6,0,SAS,28,2,248,48,2,12,14,14,7,0,15,20,67,21,1,1,19,5,0,0,0,0,0,0,0,0,0,0,0,0,0,0,0,0,0,0,0,0
campbmi01w,1,0,WAS,5,0,22,6,0,2,2,1,0,1,3,2,5,2,2,2,0,0,0,0,0,0,0,0,0,0,0,0,0,0,0,0,0,0,0,0,0,0
cantydo01w,1,0,DET,28,27,784,257,31,39,70,82,49,5,51,64,203,83,131,91,5,0,0,0,0,0,0,0,0,0,0,0,0,0,0,0,0,0,0,0,0,0
cantydo01w,2,0,DET,32,18,625,197,45,38,83,70,31,1,55,69,193,70,74,56,5,1,0,0,0,0,0,0,0,0,0,0,0,0,0,0,0,0,0,0,0,0
cantydo01w,3,0,DET,28,12,625,160,24,45,69,83,21,4,56,59,154,52,76,55,5,1,0,0,0,0,0,0,0,0,0,0,0,0,0,0,0,0,0,0,0,0
cantydo01w,5,0,HOU,32,12,770,177,40,44,84,64,32,1,45,61,150,63,72,51,2,0,0,0,0,0,0,0,0,0,0,0,0,0,0,0,0,0,0,0,0,0
cantydo01w,8,0,CHI,30,27,776,259,19,45,64,123,30,4,57,42,241,87,115,81,16,4,0,0,0,0,0,0,0,0,0,0,0,0,0,0,0,0,0,0,0,0
cantydo01w,9,0,CHI,28,28,737,226,24,47,71,115,28,3,54,74,180,71,124,83,6,1,0,0,0,0,0,0,0,0,0,0,0,0,0,0,0,0,0,0,0,0
careyja01w,9,0,CON,33,3,499,137,4,36,40,47,8,1,22,24,111,47,10,9,83,34,0,1,0,2,0,0,0,0,0,0,0,0,0,0,0,0,0,0,0,0
carteam01w,5,0,DET,2,0,13,1,0,4,4,0,2,0,3,5,0,0,2,1,0,0,0,0,0,0,0,0,0,0,0,0,0,0,0,0,0,0,0,0,0,0
carteam01w,6,0,NYL,3,0,13,0,0,2,2,0,0,0,1,4,1,0,0,0,0,0,0,0,0,0,0,0,0,0,0,0,0,0,0,0,0,0,0,0,0,0
cassija01w,1,0,MIA,22,0,175,74,7,16,23,9,5,2,13,17,55,20,43,30,8,4,0,0,0,0,0,0,0,0,0,0,0,0,0,0,0,0,0,0,0,0
castriz01w,3,0,MIA,19,1,182,66,7,10,17,7,7,0,18,22,72,24,25,17,17,1,0,0,0,0,0,0,0,0,0,0,0,0,0,0,0,0,0,0,0,0
castriz01w,4,0,PHO,16,0,178,69,6,6,12,9,6,1,10,11,71,25,18,11,27,8,0,0,0,0,0,0,0,0,0,0,0,0,0,0,0,0,0,0,0,0
castriz01w,9,0,ATL,29,20,671,269,10,55,65,52,27,6,57,39,272,96,59,48,94,29,0,0,0,0,0,0,0,0,0,0,0,0,0,0,0,0,0,0,0,0
caufila01w,3,0,UTA,8,0,65,19,3,2,5,1,7,0,8,13,15,6,2,2,9,5,0,0,0,0,0,0,0,0,0,0,0,0,0,0,0,0,0,0,0,0
chambco01w,8,0,CON,1,0,1,0,0,0,0,0,0,0,2,0,0,0,0,0,0,0,0,0,0,0,0,0,0,0,0,0,0,0,0,0,0,0,0,0,0,0
chanequ01w,9,0,CHI,28,0,241,68,4,24,28,24,16,3,23,19,83,23,12,10,50,12,0,0,0,0,0,0,0,0,0,0,0,0,0,0,0,0,0,0,0,0
chapmji01w,3,0,DET,19,0,119,22,11,15,26,0,3,2,8,20,27,10,3,2,1,0,0,0,0,0,0,0,0,0,0,0,0,0,0,0,0,0,0,0,0,0
choneka01w,6,0,WAS,12,0,61,14,2,4,6,1,1,0,4,9,14,6,3,2,0,0,0,0,0,0,0,0,0,0,0,0,0,0,0,0,0,0,0,0,0,0
choneka01w,7,0,SEA,3,0,16,0,0,0,0,0,0,0,1,4,2,0,0,0,0,0,0,0,0,0,0,0,0,0,0,0,0,0,0,0,0,0,0,0,0,0
cironkr01w,10,0,CON,4,0,23,7,0,5,5,4,2,0,0,3,5,2,3,2,3,1,0,0,0,0,0,0,0,0,0,0,0,0,0,0,0,0,0,0,0,0
clearmi01w,1,0,PHO,24,7,509,57,12,25,37,77,34,2,14,36,45,14,27,19,30,10,0,0,0,0,0,0,0,0,0,0,0,0,0,0,0,0,0,0,0,0
clearmi01w,2,0,PHO,4,0,49,2,2,1,3,9,2,0,3,2,3,0,2,2,2,0,0,0,0,0,0,0,0,0,0,0,0,0,0,0,0,0,0,0,0,0
clinest01w,3,0,DET,12,0,105,27,1,4,5,17,1,1,6,6,21,8,6,5,15,6,0,0,0,0,0,0,0,0,0,0,0,0,0,0,0,0,0,0,0,0
coggicl01w,8,0,CHI,20,0,196,49,3,13,16,8,5,1,19,28,77,19,4,1,50,10,0,0,0,0,0,0,0,0,0,0,0,0,0,0,0,0,0,0,0,0
cokermo01w,5,0,LAS,3,0,14,3,1,0,1,3,0,1,3,2,1,1,0,0,1,1,0,0,0,0,0,0,0,0,0,0,0,0,0,0,0,0,0,0,0,0
colemco01w,4,0,CON,20,0,141,36,8,14,22,1,8,2,13,18,20,11,30,14,0,0,0,0,0,0,0,0,0,0,0,0,0,0,0,0,0,0,0,0,0,0
colleka01w,1,0,MIA,32,32,873,264,15,48,63,50,27,7,65,65,293,103,70,53,21,5,0,0,0,0,0,0,0,0,0,0,0,0,0,0,0,0,0,0,0,0
colleka01w,2,0,MIA,14,0,121,26,2,5,7,7,2,1,7,9,39,10,10,6,1,0,0,2,0,3,2,1,0,1,0,0,0,0,1,0,0,2,2,0,0,0
consuca01w,2,0,UTA,15,0,50,2,1,5,6,10,4,0,11,4,5,0,4,2,2,0,0,1,0,2,3,0,1,1,0,1,0,1,0,1,1,1,1,0,0,0
coopeca01w,2,0,NYL,4,0,51,26,7,4,11,1,0,2,3,6,12,8,13,10,0,0,0,3,0,8,0,0,1,1,0,0,0,0,2,2,0,0,0,0,0,0
coopeca01w,3,0,NYL,23,1,119,27,5,11,16,3,4,5,10,28,28,11,8,5,0,0,0,3,0,15,3,1,1,2,0,2,0,2,3,2,1,2,1,0,0,0
coopecy01w,4,0,HOU,4,4,144,64,2,8,10,22,4,1,14,9,38,16,28,25,18,7,0,0,0,0,0,0,0,0,0,0,0,0,0,0,0,0,0,0,0,0
crockda01w,3,0,UTA,18,0,84,29,6,7,13,2,0,2,3,8,28,10,12,9,1,0,0,1,0,2,2,0,0,0,0,0,0,0,0,2,1,0,0,0,0,0
cronika01w,7,0,CHI,11,0,134,24,3,9,12,2,6,2,11,18,30,9,7,2,13,4,0,0,0,0,0,0,0,0,0,0,0,0,0,0,0,0,0,0,0,0
cunnida01w,3,0,ORL,6,0,21,0,1,1,2,0,2,0,1,5,5,0,0,0,0,0,0,0,0,0,0,0,0,0,0,0,0,0,0,0,0,0,0,0,0,0
currimo01w,8,1,CHI,2,2,61,29,3,9,12,4,1,0,4,3,27,8,15,11,11,2,0,0,0,0,0,0,0,0,0,0,0,0,0,0,0,0,0,0,0,0
curryed01w,4,0,PHO,20,0,205,33,1,10,11,24,9,0,15,25,35,13,3,2,22,5,0,0,0,0,0,0,0,0,0,0,0,0,0,0,0,0,0,0,0,0
curryed01w,6,0,LAS,13,0,113,23,4,7,11,12,7,1,10,16,23,7,6,3,16,6,0,2,0,16,0,0,1,1,1,1,0,5,3,1,0,0,0,1,0,0
dalesst01w,7,0,CHI,23,16,454,161,6,21,27,40,9,1,32,39,147,52,46,32,81,25,0,0,0,0,0,0,0,0,0,0,0,0,0,0,0,0,0,0,0,0
daleygr01w,1,0,MIN,30,4,577,173,32,40,72,57,12,0,50,49,147,57,65,42,56,17,0,0,0,0,0,0,0,0,0,0,0,0,0,0,0,0,0,0,0,0
daleygr01w,2,0,NYL,15,0,66,25,3,5,8,10,8,1,7,12,21,10,9,5,5,0,0,1,0,1,0,0,0,0,0,0,0,1,0,0,0,0,0,0,0,0
daleygr01w,3,0,HOU,23,4,185,63,13,10,23,16,3,1,17,15,37,16,47,29,8,2,0,1,0,7,2,2,0,2,0,0,0,1,0,2,0,2,2,0,0,0
daleygr01w,4,0,PHO,3,0,28,2,1,1,2,3,0,1,3,2,5,1,0,0,2,0,0,0,0,0,0,0,0,0,0,0,0,0,0,0,0,0,0,0,0,0
darlihe01w,7,0,CHA,29,29,607,158,13,46,59,82,35,3,73,76,138,51,55,38,47,18,0,0,0,0,0,0,0,0,0,0,0,0,0,0,0,0,0,0,0,0
darlihe01w,10,0,SAS,34,13,642,104,14,47,61,100,30,5,40,79,109,27,55,37,44,13,0,3,0,34,4,1,3,4,3,1,0,1,4,5,1,4,2,0,0,0
davisbr01w,7,0,LAS,14,0,118,41,1,12,13,8,5,1,5,11,53,14,10,6,33,7,0,0,0,0,0,0,0,0,0,0,0,0,0,0,0,0,0,0,0,0
davisde01w,8,0,HOU,3,0,19,6,0,0,0,0,0,0,5,2,6,2,0,0,3,2,0,0,0,0,0,0,0,0,0,0,0,0,0,0,0,0,0,0,0,0
davista02w,10,0,DET,1,0,4,2,2,0,2,0,0,0,0,0,5,1,1,0,3,0,0,0,0,0,0,0,0,0,0,0,0,0,0,0,0,0,0,0,0,0
deforan01w,1,0,DET,27,10,433,145,9,38,47,47,27,4,33,34,126,51,32,25,56,18,0,0,0,0,0,0,0,0,0,0,0,0,0,0,0,0,0,0,0,0
deforan01w,10,0,DET,7,7,113,10,6,14,20,10,4,0,7,7,18,5,0,0,4,0,0,0,0,0,0,0,0,0,0,0,0,0,0,0,0,0,0,0,0,0
derevje01w,5,0,CON,23,0,140,19,1,8,9,14,8,0,10,20,26,7,2,2,12,3,0,1,0,1,0,0,0,0,0,0,0,0,0,0,0,0,0,0,0,0
derevje01w,7,0,PHO,31,8,467,96,11,46,57,68,23,7,25,42,75,38,26,16,15,4,0,0,0,0,0,0,0,0,0,0,0,0,0,0,0,0,0,0,0,0
derevje01w,8,0,PHO,23,0,200,36,5,18,23,24,6,1,16,18,30,13,11,9,10,1,0,1,0,2,0,0,0,0,0,0,0,0,0,0,0,0,0,0,0,0
derevje01w,9,0,PHO,17,0,145,14,5,12,17,27,2,4,10,17,19,5,4,3,8,1,0,0,0,0,0,0,0,0,0,0,0,0,0,0,0,0,0,0,0,0
desouer01w,3,0,LAS,11,0,41,12,8,6,14,2,3,0,6,14,14,5,10,2,0,0,0,1,0,3,3,1,0,1,0,0,0,0,0,1,0,4,3,0,0,0
dickeke01w,2,0,UTA,4,0,6,0,0,1,1,1,0,0,0,0,0,0,4,0,0,0,0,0,0,0,0,0,0,0,0,0,0,0,0,0,0,0,0,0,0,0
dillata01w,4,0,SAS,24,0,168,41,1,14,15,15,7,4,14,22,65,16,6,5,23,4,0,0,0,0,0,0,0,0,0,0,0,0,0,0,0,0,0,0,0,0
dillata01w,5,0,SAS,23,0,205,37,2,12,14,19,4,1,14,18,54,16,1,0,18,5,0,0,0,0,0,0,0,0,0,0,0,0,0,0,0,0,0,0,0,0
dillata01w,6,0,SAS,10,0,51,9,1,5,6,3,2,0,3,5,16,4,4,1,3,0,0,0,0,0,0,0,0,0,0,0,0,0,0,0,0,0,0,0,0,0
dixonta01w,8,0,HOU,18,0,490,216,12,45,57,57,24,6,38,42,205,90,36,31,17,5,0,0,0,0,0,0,0,0,0,0,0,0,0,0,0,0,0,0,0,0
donapbe01w,4,0,NYL,1,0,2,0,0,0,0,0,0,0,0,0,0,0,0,0,0,0,0,0,0,0,0,0,0,0,0,0,0,0,0,0,0,0,0,0,0,0
doronsh01w,8,0,NYL,7,2,35,10,0,3,3,0,3,0,1,2,11,4,2,1,1,1,0,1,0,2,0,0,0,0,0,0,0,0,0,1,0,0,0,1,0,0
dossaci01w,2,0,ORL,10,0,65,19,1,5,6,2,3,5,7,18,19,7,6,5,0,0,0,0,0,0,0,0,0,0,0,0,0,0,0,0,0,0,0,0,0,0
dossaci01w,3,0,ORL,26,0,260,88,15,20,35,10,4,13,20,48,53,26,46,36,1,0,0,0,0,0,0,0,0,0,0,0,0,0,0,0,0,0,0,0,0,0
douglka01w,2,0,ORL,22,0,439,154,16,35,51,39,37,7,44,34,141,51,47,34,57,18,0,0,0,0,0,0,0,0,0,0,0,0,0,0,0,0,0,0,0,0
duffyme01w,7,0,MIN,31,0,387,105,10,19,29,36,9,0,24,37,92,33,39,27,37,12,0,0,0,0,0,0,0,0,0,0,0,0,0,0,0,0,0,0,0,0
duffyme01w,8,0,MIN,5,0,48,7,2,3,5,7,1,0,4,7,9,1,4,4,8,1,0,0,0,0,0,0,0,0,0,0,0,0,0,0,0,0,0,0,0,0
duffyme01w,9,0,NYL,6,0,45,11,0,2,2,3,0,0,5,6,6,2,6,6,4,1,0,0,0,0,0,0,0,0,0,0,0,0,0,0,0,0,0,0,0,0
dupreca01w,7,0,CHI,34,31,1032,467,55,133,188,60,43,25,60,72,407,186,122,95,5,0,0,0,0,0,0,0,0,0,0,0,0,0,0,0,0,0,0,0,0,0
dydekma01w,9,0,LAS,2,0,14,4,2,1,3,0,0,0,0,0,5,2,0,0,0,0,0,1,0,1,0,0,1,1,0,0,0,0,0,0,0,0,0,0,0,0
edwarmi01w,1,1,CLE,3,0,17,8,0,2,2,1,0,0,4,3,10,4,0,0,3,0,0,0,0,0,0,0,0,0,0,0,0,0,0,0,0,0,0,0,0,0
edwarmi01w,2,0,SEA,3,0,13,4,0,2,2,4,1,0,3,2,3,1,2,2,0,0,0,0,0,0,0,0,0,0,0,0,0,0,0,0,0,0,0,0,0,0
edwarsi01w,1,0,SEA,29,7,645,216,38,69,107,22,16,10,45,57,182,83,80,50,0,0,0,0,0,0,0,0,0,0,0,0,0,0,0,0,0,0,0,0,0,0
edwarsi01w,2,0,SEA,32,27,810,237,67,90,157,26,24,20,37,54,190,91,83,55,0,0,0,0,0,0,0,0,0,0,0,0,0,0,0,0,0,0,0,0,0,0
edwarsi01w,3,0,SEA,32,5,694,223,46,95,141,19,21,12,44,66,158,84,73,54,1,1,0,2,0,31,4,2,1,3,0,0,0,2,4,8,1,4,2,0,0,0
edwarsi01w,4,0,SEA,34,6,577,157,54,79,133,16,10,9,31,55,134,61,56,35,0,0,0,0,0,0,0,0,0,0,0,0,0,0,0,0,0,0,0,0,0,0
edwarsi01w,6,0,SEA,28,0,201,55,9,22,31,3,4,2,4,13,41,24,12,7,0,0,0,2,0,5,0,0,1,1,1,0,0,0,0,1,0,0,0,0,0,0
elysh01w,6,0,SAS,31,11,528,139,11,51,62,27,7,4,33,42,132,50,39,30,31,9,0,0,0,0,0,0,0,0,0,0,0,0,0,0,0,0,0,0,0,0
elysh01w,7,0,SAS,12,1,136,41,5,26,31,10,2,0,13,17,44,12,26,15,9,2,0,0,0,0,0,0,0,0,0,0,0,0,0,0,0,0,0,0,0,0
elysh01w,8,0,SEA,29,0,282,65,10,29,39,11,8,1,19,28,62,20,31,20,15,5,0,0,0,0,0,0,0,0,0,0,0,0,0,0,0,0,0,0,0,0
elysh01w,9,0,SEA,34,1,389,113,30,60,90,16,12,5,29,56,115,47,24,15,11,4,0,2,0,2,0,0,0,0,0,0,0,0,2,0,0,0,0,0,0,0
elysh01w,10,0,CHI,34,9,497,232,22,66,88,20,12,8,36,55,201,84,51,41,60,23,0,0,0,0,0,0,0,0,0,0,0,0,0,0,0,0,0,0,0,0
enissh01w,1,0,CHA,12,9,323,139,21,24,45,10,10,1,16,30,104,41,60,46,32,11,0,0,0,0,0,0,0,0,0,0,0,0,0,0,0,0,0,0,0,0
enissh01w,3,0,CHA,4,0,59,19,6,3,9,3,1,2,1,4,18,5,9,9,3,0,0,1,0,3,0,2,0,2,0,0,0,0,0,3,0,0,0,1,0,0
erbsu01w,1,0,CHA,29,0,275,92,26,37,63,10,8,6,17,68,73,32,43,28,1,0,0,0,0,0,0,0,0,0,0,0,0,0,0,0,0,0,0,0,0,0
erbsu01w,2,0,CHA,18,0,148,54,8,27,35,4,1,5,10,23,42,18,21,18,0,0,0,4,0,15,8,2,2,4,0,0,0,3,3,5,4,0,0,0,0,0
ervinla01w,10,0,CON,8,0,56,16,4,9,13,0,1,0,2,5,17,8,2,0,0,0,0,0,0,0,0,0,0,0,0,0,0,0,0,0,0,0,0,0,0,0
fallotr01w,2,0,PHO,31,16,841,322,35,42,77,33,35,12,47,43,259,127,65,53,37,15,0,0,0,0,0,0,0,0,0,0,0,0,0,0,0,0,0,0,0,0
farriba01w,1,0,DET,14,2,130,45,16,16,32,2,6,1,14,30,30,15,27,15,1,0,0,0,0,0,0,0,0,0,0,0,0,0,0,0,0,0,0,0,0,0
farriba01w,3,0,DET,32,16,564,143,29,65,94,16,12,9,38,62,117,49,61,45,1,0,0,0,0,0,0,0,0,0,0,0,0,0,0,0,0,0,0,0,0,0
farriba01w,6,0,DET,34,1,444,83,31,53,84,19,8,1,43,55,73,25,54,33,0,0,0,2,0,12,0,0,1,1,0,0,0,0,0,1,0,0,0,0,0,0
farriba01w,8,0,NYL,28,0,237,53,16,27,43,13,6,1,19,32,58,20,16,13,0,0,0,3,0,12,6,0,0,0,0,0,0,2,3,5,3,0,0,0,0,0
farriba01w,9,0,PHO,34,8,553,118,38,92,130,8,20,4,35,87,93,44,43,30,0,0,0,0,0,0,0,0,0,0,0,0,0,0,0,0,0,0,0,0,0,0
farriba01w,10,0,DET,13,3,110,17,3,15,18,5,5,0,9,17,9,2,16,13,0,0,0,0,0,0,0,0,0,0,0,0,0,0,0,0,0,0,0,0,0,0
feastal01w,6,0,CHA,21,21,666,192,9,28,37,51,14,2,38,52,162,61,39,33,86,37,0,0,0,0,0,0,0,0,0,0,0,0,0,0,0,0,0,0,0,0
feastal01w,7,0,CHA,32,1,309,55,3,17,20,21,13,2,14,20,81,19,2,1,64,16,0,0,0,0,0,0,0,0,0,0,0,0,0,0,0,0,0,0,0,0
feifesu01w,6,0,SAC,5,0,24,7,0,1,1,3,0,0,2,3,6,1,4,4,1,1,0,0,0,0,0,0,0,0,0,0,0,0,0,0,0,0,0,0,0,0
ferdima01w,5,0,SAS,17,17,509,199,18,36,54,29,32,2,35,34,162,67,64,55,27,10,0,0,0,0,0,0,0,0,0,0,0,0,0,0,0,0,0,0,0,0
ferdima01w,6,0,SAS,31,31,999,388,40,76,116,68,46,5,70,74,358,132,134,104,65,20,0,0,0,0,0,0,0,0,0,0,0,0,0,0,0,0,0,0,0,0
fernama01w,8,0,LAS,34,20,891,297,12,60,72,101,36,14,90,31,282,107,89,71,49,12,0,0,0,0,0,0,0,0,0,0,0,0,0,0,0,0,0,0,0,0
figgsuk01w,3,0,POR,31,31,866,264,13,67,80,104,25,2,44,50,233,83,65,59,120,39,0,0,0,0,0,0,0,0,0,0,0,0,0,0,0,0,0,0,0,0
firsool01w,1,0,NYL,9,0,19,12,0,4,4,1,0,1,2,8,10,4,5,4,1,0,0,3,0,6,6,1,0,1,0,0,0,0,1,4,3,0,0,0,0,0
floremi01w,1,0,MIA,32,0,474,112,6,17,23,49,23,3,48,36,112,34,42,26,61,18,0,0,0,0,0,0,0,0,0,0,0,0,0,0,0,0,0,0,0,0
flukety01w,7,0,CHA,31,1,324,76,26,40,66,9,2,14,21,48,89,30,22,16,2,0,0,0,0,0,0,0,0,0,0,0,0,0,0,0,0,0,0,0,0,0
flukety01w,8,1,SEA,9,0,31,1,2,5,7,0,0,1,3,4,10,0,2,1,1,0,0,0,0,0,0,0,0,0,0,0,0,0,0,0,0,0,0,0,0,0
flukety01w,9,0,CHI,26,2,231,70,11,23,34,10,6,8,18,40,65,25,25,19,3,1,0,0,0,0,0,0,0,0,0,0,0,0,0,0,0,0,0,0,0,0
folklkr01w,3,0,POR,32,4,602,155,41,107,148,32,18,17,32,56,126,62,35,31,3,0,0,0,0,0,0,0,0,0,0,0,0,0,0,0,0,0,0,0,0,0
fordch01w,9,0,DET,24,24,637,243,74,134,208,22,24,9,23,70,185,89,116,65,0,0,0,0,0,0,0,0,0,0,0,0,0,0,0,0,0,0,0,0,0,0
fordki01w,2,0,MIA,30,1,395,71,19,46,65,21,17,5,18,43,80,26,32,18,11,1,0,3,0,20,2,1,0,1,2,0,0,1,3,5,1,0,0,0,0,0
fordst01w,2,0,NYL,1,0,3,2,0,1,1,0,0,0,0,0,1,1,0,0,0,0,0,0,0,0,0,0,0,0,0,0,0,0,0,0,0,0,0,0,0,0
fordst01w,3,0,SAC,5,0,12,2,2,0,2,1,0,0,1,1,2,1,2,0,0,0,0,0,0,0,0,0,0,0,0,0,0,0,0,0,0,0,0,0,0,0
francde01w,1,0,NYL,1,0,2,0,0,0,0,0,0,0,0,0,1,0,0,0,0,0,0,2,0,4,0,1,0,1,0,0,0,0,0,2,0,0,0,1,0,0
frankaq01w,10,0,SEA,2,0,20,0,0,2,2,1,1,0,1,2,4,0,0,0,2,0,0,0,0,0,0,0,0,0,0,0,0,0,0,0,0,0,0,0,0,0
frazeme01w,10,0,SAS,29,0,326,145,27,57,84,15,8,5,21,43,126,52,39,27,37,14,0,1,0,7,2,0,0,0,0,0,0,0,0,1,0,2,2,0,0,0
fresest01w,1,0,UTA,21,0,222,62,4,14,18,17,4,0,14,14,30,10,36,33,26,9,0,0,0,0,0,0,0,0,0,0,0,0,0,0,0,0,0,0,0,0
frettla01w,1,0,LAS,25,0,187,40,8,16,24,6,7,6,13,10,51,14,16,12,1,0,0,3,0,7,7,0,0,0,0,0,0,0,0,3,2,4,3,0,0,0
frettla01w,2,0,SAC,30,10,403,128,23,32,55,18,10,6,32,30,126,49,35,30,0,0,0,5,0,18,4,2,0,2,1,0,0,1,2,8,1,2,2,0,0,0
frettla01w,4,0,SAC,24,4,150,36,9,14,23,12,2,3,10,16,47,17,2,1,2,1,0,1,0,9,2,0,0,0,0,0,0,1,1,2,1,0,0,1,0,0
frettla01w,5,1,CHA,10,0,71,15,3,7,10,4,1,2,10,4,13,6,6,3,0,0,0,0,0,0,0,0,0,0,0,0,0,0,0,0,0,0,0,0,0,0
friertr01w,5,0,SEA,5,0,22,7,3,2,5,0,0,0,1,7,9,2,3,3,1,0,0,0,0,0,0,0,0,0,0,0,0,0,0,0,0,0,0,0,0,0
frohlli01w,3,0,NYL,16,0,67,6,3,10,13,1,2,0,4,11,10,1,4,4,4,0,0,3,0,20,1,0,5,5,2,1,0,3,2,3,0,2,1,0,0,0
frohlli01w,4,0,NYL,26,0,214,83,11,25,36,15,6,8,14,26,72,31,22,14,13,7,0,0,0,0,0,0,0,0,0,0,0,0,0,0,0,0,0,0,0,0
frohlli01w,7,0,IND,20,0,169,66,14,21,35,9,5,0,13,27,68,26,8,6,22,8,0,0,0,0,0,0,0,0,0,0,0,0,0,0,0,0,0,0,0,0
frohlli01w,8,0,SAC,10,0,51,14,2,7,9,2,1,1,12,10,13,4,4,4,3,2,0,1,0,8,3,0,1,1,0,1,0,1,3,3,1,2,1,0,0,0
futreca01w,5,0,CON,20,0,144,42,7,12,19,10,5,1,7,20,38,11,16,13,17,7,0,2,0,3,2,0,0,0,0,0,0,0,0,1,1,0,0,0,0,0
gaithka01w,1,1,UTA,9,0,54,14,7,10,17,4,4,0,4,8,7,2,10,10,0,0,0,0,0,0,0,0,0,0,0,0,0,0,0,0,0,0,0,0,0,0
gaithka01w,3,1,LAS,1,0,5,0,0,1,1,1,0,0,1,2,1,0,0,0,0,0,0,0,0,0,0,0,0,0,0,0,0,0,0,0,0,0,0,0,0,0
garcibe01w,3,0,DET,8,0,64,8,0,4,4,9,3,0,11,8,11,2,4,2,6,2,0,0,0,0,0,0,0,0,0,0,0,0,0,0,0,0,0,0,0,0
gardike01w,10,0,CON,33,23,596,180,54,89,143,39,25,24,38,57,159,58,89,54,39,10,0,0,0,0,0,0,0,0,0,0,0,0,0,0,0,0,0,0,0,0
gardnan01w,9,0,WAS,22,0,178,57,23,27,50,6,3,0,11,26,58,22,24,13,0,0,0,0,0,0,0,0,0,0,0,0,0,0,0,0,0,0,0,0,0,0
garnean01w,1,0,SEA,32,19,560,101,43,55,98,25,27,10,43,44,116,38,38,24,2,1,0,0,0,0,0,0,0,0,0,0,0,0,0,0,0,0,0,0,0,0
gaydeco01w,1,0,ORL,3,0,7,2,0,0,0,1,0,0,0,0,2,1,0,0,1,0,0,0,0,0,0,0,0,0,0,0,0,0,0,0,0,0,0,0,0,0
gearlka01w,10,0,SEA,20,0,243,82,4,22,26,11,6,3,12,14,74,29,4,3,52,21,0,0,0,0,0,0,0,0,0,0,0,0,0,0,0,0,0,0,0,0
gibsoke01w,1,0,HOU,17,0,76,24,4,8,12,2,1,0,4,11,19,7,8,7,7,3,0,1,0,3,0,0,0,0,0,0,0,0,0,1,0,0,0,0,0,0
gibsoke01w,4,0,HOU,26,0,209,38,4,12,16,8,1,5,9,14,42,14,0,0,24,10,0,2,0,18,4,0,1,1,0,0,0,0,1,5,2,0,0,2,0,0
gilloje01w,3,0,PHO,31,31,874,473,36,80,116,37,29,21,61,90,400,166,131,105,93,36,0,0,0,0,0,0,0,0,0,0,0,0,0,0,0,0,0,0,0,0
gilmous01w,1,0,IND,4,0,21,2,3,2,5,2,0,0,4,6,5,1,0,0,1,0,0,0,0,0,0,0,0,0,0,0,0,0,0,0,0,0,0,0,0,0
gisseka01w,9,0,LAS,2,0,14,0,2,0,2,0,0,0,1,2,4,0,0,0,1,0,0,0,0,0,0,0,0,0,0,0,0,0,0,0,0,0,0,0,0,0
givench01w,9,0,DET,3,0,10,2,0,0,0,2,0,0,2,2,2,0,2,2,0,0,0,0,0,0,0,0,0,0,0,0,0,0,0,0,0,0,0,0,0,0
gomisem01w,7,0,NYL,2,0,15,3,0,0,0,0,1,0,1,3,4,0,4,3,2,0,0,0,0,0,0,0,0,0,0,0,0,0,0,0,0,0,0,0,0,0
goodsad01w,1,0,UTA,29,28,929,498,69,95,164,69,41,7,81,67,415,199,134,92,29,8,0,0,0,0,0,0,0,0,0,0,0,0,0,0,0,0,0,0,0,0
goodsad01w,6,1,HOU,23,0,271,72,16,20,36,15,8,0,16,18,73,29,21,13,2,1,0,0,0,0,0,0,0,0,0,0,0,0,0,0,0,0,0,0,0,0
goringi01w,8,0,WAS,21,0,156,54,16,25,41,3,5,12,4,28,45,19,21,16,1,0,0,0,0,0,0,0,0,0,0,0,0,0,0,0,0,0,0,0,0,0
gortmsh01w,3,0,MIN,29,2,369,91,16,45,61,21,13,6,25,42,97,35,9,7,43,14,0,0,0,0,0,0,0,0,0,0,0,0,0,0,0,0,0,0,0,0
gortmsh01w,4,0,MIN,25,0,200,50,9,23,32,14,11,1,20,25,49,21,4,3,20,5,0,0,0,0,0,0,0,0,0,0,0,0,0,0,0,0,0,0,0,0
gortmsh01w,5,0,WAS,4,0,24,0,0,4,4,2,0,1,2,0,0,0,0,0,0,0,0,1,0,2,0,0,0,0,0,0,0,0,0,1,0,0,0,0,0,0
gortmsh01w,7,0,SEA,20,0,265,56,9,39,48,17,11,2,25,32,55,20,18,14,12,2,0,0,0,0,0,0,0,0,0,0,0,0,0,0,0,0,0,0,0,0
granter01w,8,0,HOU,17,2,211,25,7,12,19,37,7,0,11,20,23,9,10,7,2,0,0,0,0,0,0,0,0,0,0,0,0,0,0,0,0,0,0,0,0,0
grecomi01w,5,0,SEA,13,0,73,29,3,7,10,8,3,0,8,6,18,10,13,9,2,0,0,4,0,6,2,0,0,0,1,0,0,1,0,1,1,0,0,0,0,0
greenci01w,7,0,SEA,5,0,24,2,2,6,8,0,0,0,0,9,7,0,4,2,0,0,0,0,0,0,0,0,0,0,0,0,0,0,0,0,0,0,0,0,0,0
grginve01w,1,0,LAS,18,0,183,49,9,14,23,12,3,1,14,17,62,17,23,14,17,1,0,3,0,7,2,0,3,3,1,1,0,2,0,2,1,2,0,1,0,0
grginve01w,2,0,LAS,24,7,223,71,13,22,35,12,4,1,15,21,65,28,14,9,19,6,0,4,0,7,4,0,1,1,0,0,0,0,0,3,1,2,2,1,0,0
grginve01w,3,0,LAS,12,0,79,31,3,5,8,1,1,0,8,11,31,12,3,2,12,5,0,1,0,5,0,0,0,0,2,0,0,0,0,1,0,0,0,0,0,0
griffyo01w,3,0,SAC,17,17,577,288,66,82,148,19,16,13,45,70,179,93,127,102,0,0,0,0,0,0,0,0,0,0,0,0,0,0,0,0,0,0,0,0,0,0
griffyo01w,10,0,IND,3,0,41,19,4,3,7,0,0,2,3,6,12,6,9,7,0,0,0,0,0,0,0,0,0,0,0,0,0,0,0,0,0,0,0,0,0,0
groomla01w,1,0,SAC,30,3,401,124,27,17,44,13,10,3,21,27,88,39,61,46,1,0,0,2,0,23,3,2,0,2,0,0,0,1,3,2,1,1,1,0,0,0
groomla01w,2,0,SAC,31,0,543,141,32,46,78,38,15,10,25,43,114,49,58,43,0,0,0,5,0,31,9,1,3,4,1,0,0,3,3,7,2,6,5,0,0,0
groomla01w,3,0,SAC,32,26,850,227,38,61,99,39,21,8,46,69,181,78,83,71,1,0,0,0,0,0,0,0,0,0,0,0,0,0,0,0,0,0,0,0,0,0
groomla01w,4,0,SAC,34,9,470,111,15,31,46,29,17,5,21,27,112,45,26,21,1,0,0,6,0,65,15,2,3,5,3,1,0,1,3,12,7,2,1,0,0,0
groomla01w,5,0,SAC,28,0,235,49,10,8,18,11,7,2,2,14,66,19,12,11,0,0,0,1,0,3,0,0,0,0,0,0,0,0,0,1,0,0,0,0,0,0
grubigo01w,1,0,IND,29,20,720,239,20,56,76,63,31,0,60,47,239,90,40,31,91,28,0,0,0,0,0,0,0,0,0,0,0,0,0,0,0,0,0,0,0,0
grubigo01w,2,0,IND,27,9,481,170,18,31,49,33,7,0,34,30,167,62,39,29,58,17,0,0,0,0,0,0,0,0,0,0,0,0,0,0,0,0,0,0,0,0
grubigo01w,3,0,PHO,32,31,859,317,16,48,64,104,36,3,58,59,297,114,79,60,92,29,0,0,0,0,0,0,0,0,0,0,0,0,0,0,0,0,0,0,0,0
grubigo01w,5,0,HOU,5,0,24,2,0,1,1,0,0,0,3,2,3,0,2,2,0,0,0,0,0,0,0,0,0,0,0,0,0,0,0,0,0,0,0,0,0,0
grubigo01w,6,0,LAS,9,0,41,1,1,5,6,5,1,0,2,4,8,0,4,1,2,0,0,0,0,0,0,0,0,0,0,0,0,0,0,0,0,0,0,0,0,0
grudasa01w,9,0,CON,31,1,476,193,44,66,110,28,19,26,41,56,178,81,57,31,0,0,0,3,0,27,8,0,4,4,1,1,0,4,2,7,4,0,0,0,0,0
hairska01w,8,0,CON,17,0,148,32,14,16,30,6,7,0,9,25,41,10,12,9,12,3,0,0,0,0,0,0,0,0,0,0,0,0,0,0,0,0,0,0,0,0
hallam01w,3,0,POR,20,0,104,30,8,18,26,1,7,1,12,12,24,11,16,8,0,0,0,0,0,0,0,0,0,0,0,0,0,0,0,0,0,0,0,0,0,0
hallvi01w,2,1,CLE,14,6,225,65,10,23,33,9,1,5,11,22,66,27,8,4,22,7,0,0,0,0,0,0,0,0,0,0,0,0,0,0,0,0,0,0,0,0
hallvi01w,3,0,LAS,3,0,19,7,1,1,2,1,1,0,1,2,4,2,4,3,1,0,0,0,0,0,0,0,0,0,0,0,0,0,0,0,0,0,0,0,0,0
hammobe01w,4,0,NYL,11,2,257,162,1,20,21,18,10,1,27,13,87,50,41,39,49,23,0,0,0,0,0,0,0,0,0,0,0,0,0,0,0,0,0,0,0,0
hammobe01w,7,0,NYL,22,20,674,323,6,60,66,81,29,3,65,46,252,107,75,72,108,37,0,0,0,0,0,0,0,0,0,0,0,0,0,0,0,0,0,0,0,0
hamzoro01w,1,0,ORL,15,0,43,7,1,2,3,5,5,0,4,4,11,2,6,3,3,0,0,0,0,0,0,0,0,0,0,0,0,0,0,0,0,0,0,0,0,0
hardili01w,8,0,MIN,20,20,602,233,15,72,87,78,20,6,47,44,243,86,78,53,35,8,0,0,0,0,0,0,0,0,0,0,0,0,0,0,0,0,0,0,0,0
harrido01w,1,0,IND,8,0,67,8,4,5,9,5,2,1,11,16,6,1,10,6,0,0,0,0,0,0,0,0,0,0,0,0,0,0,0,0,0,0,0,0,0,0
harrili01w,2,0,PHO,32,32,915,246,39,100,139,52,39,1,49,58,223,96,59,51,9,3,0,0,0,0,0,0,0,0,0,0,0,0,0,0,0,0,0,0,0,0
harrili01w,3,0,PHO,32,28,899,262,43,83,126,40,31,3,45,62,242,120,23,20,6,2,0,0,0,0,0,0,0,0,0,0,0,0,0,0,0,0,0,0,0,0
harrili01w,4,0,PHO,33,33,838,183,42,76,118,36,29,6,34,58,179,74,51,35,3,0,0,0,0,0,0,0,0,0,0,0,0,0,0,0,0,0,0,0,0,0
harrili01w,6,0,PHO,27,2,297,41,13,26,39,10,5,1,12,33,34,15,14,11,1,0,0,0,0,0,0,0,0,0,0,0,0,0,0,0,0,0,0,0,0,0
harrokr01w,2,0,MIN,4,1,72,21,1,3,4,11,3,0,3,4,15,7,4,4,6,3,0,0,0,0,0,0,0,0,0,0,0,0,0,0,0,0,0,0,0,0
harrokr01w,3,0,MIN,27,6,481,96,9,37,46,54,12,0,28,24,95,37,10,4,54,18,0,0,0,0,0,0,0,0,0,0,0,0,0,0,0,0,0,0,0,0
harrokr01w,6,0,MIN,34,34,832,156,11,71,82,96,38,1,54,37,151,53,36,28,68,22,0,0,0,0,0,0,0,0,0,0,0,0,0,0,0,0,0,0,0,0
haydeva01w,10,0,LAS,25,1,269,94,27,40,67,6,4,22,19,49,95,39,25,16,0,0,0,1,0,2,0,0,0,0,0,0,0,0,0,0,0,0,0,0,0,0
haynikr01w,9,0,ATL,33,3,486,94,15,41,56,82,30,4,47,41,95,30,32,24,32,10,0,0,0,0,0,0,0,0,0,0,0,0,0,0,0,0,0,0,0,0
haynikr01w,10,1,DET,20,2,161,44,5,20,25,11,14,0,10,14,40,17,9,7,13,3,0,0,0,0,0,0,0,0,0,0,0,0,0,0,0,0,0,0,0,0
hendene01w,2,0,HOU,23,0,179,26,5,16,21,22,6,0,16,5,38,9,7,2,22,6,0,1,0,1,0,0,0,0,0,0,0,0,0,0,0,0,0,0,0,0
hendetr01w,4,0,CLE,11,0,45,2,6,8,14,3,1,1,4,6,13,1,0,0,0,0,0,1,0,3,2,0,1,1,0,0,0,0,1,1,1,0,0,0,0,0
henniso01w,3,1,SEA,8,5,207,18,8,18,26,15,9,1,7,15,22,8,4,2,4,0,0,0,0,0,0,0,0,0,0,0,0,0,0,0,0,0,0,0,0,0
henniso01w,4,1,WAS,1,0,5,0,0,0,0,0,1,0,0,0,1,0,0,0,0,0,0,0,0,0,0,0,0,0,0,0,0,0,0,0,0,0,0,0,0,0
hibbeka01w,1,0,SEA,20,6,240,53,8,22,30,18,7,1,17,22,59,19,9,7,31,8,0,0,0,0,0,0,0,0,0,0,0,0,0,0,0,0,0,0,0,0
hicksje01w,1,0,ORL,26,1,157,38,13,13,26,4,2,7,17,33,23,10,29,18,0,0,0,0,0,0,0,0,0,0,0,0,0,0,0,0,0,0,0,0,0,0
hicksje01w,2,0,ORL,32,5,456,169,38,54,92,22,23,17,53,85,162,63,66,43,0,0,0,0,0,0,0,0,0,0,0,0,0,0,0,0,0,0,0,0,0,0
hillec01w,1,0,CHA,26,0,213,39,8,15,23,14,5,1,25,33,56,16,5,2,22,5,0,0,0,0,0,0,0,0,0,0,0,0,0,0,0,0,0,0,0,0
hillec01w,2,0,PHO,3,0,8,0,0,0,0,1,1,0,0,2,1,0,0,0,1,0,0,0,0,0,0,0,0,0,0,0,0,0,0,0,0,0,0,0,0,0
hledeko01w,2,0,UTA,27,10,455,151,15,25,40,43,25,1,42,56,141,55,38,33,23,8,0,2,0,17,4,1,2,3,1,1,0,3,1,5,2,0,0,2,0,0
hledeko01w,3,0,NYL,16,0,129,26,4,12,16,12,6,2,21,24,26,11,9,4,1,0,0,2,0,12,3,2,1,3,1,1,0,2,1,1,0,4,3,0,0,0
hodgedo01w,8,0,SEA,6,0,33,10,0,2,2,6,1,0,5,2,13,4,2,2,3,0,0,0,0,0,0,0,0,0,0,0,0,0,0,0,0,0,0,0,0,0
hodgero01w,6,0,HOU,26,0,188,33,9,8,17,7,3,0,3,8,47,13,2,2,26,5,0,2,0,2,0,0,0,0,0,1,0,1,0,0,0,0,0,0,0,0
hodgero01w,8,0,HOU,29,4,331,102,8,22,30,27,13,0,20,21,111,31,22,20,67,20,0,0,0,0,0,0,0,0,0,0,0,0,0,0,0,0,0,0,0,0
hodgero01w,9,0,HOU,15,6,274,110,5,25,30,19,5,2,10,11,98,41,2,2,71,26,0,0,0,0,0,0,0,0,0,0,0,0,0,0,0,0,0,0,0,0
hoffmeb01w,6,0,IND,33,0,497,120,34,63,97,16,21,10,23,59,116,47,30,25,2,1,0,0,0,0,0,0,0,0,0,0,0,0,0,0,0,0,0,0,0,0
holdsch01w,2,0,WAS,29,29,975,486,72,184,256,66,44,14,94,49,467,187,148,101,46,11,0,0,0,0,0,0,0,0,0,0,0,0,0,0,0,0,0,0,0,0
holdsch01w,5,0,WAS,23,22,801,437,51,140,191,56,39,18,57,67,403,162,132,106,17,7,0,0,0,0,0,0,0,0,0,0,0,0,0,0,0,0,0,0,0,0
holdsch01w,8,0,LAS,5,5,150,79,9,19,28,15,6,3,26,14,63,31,18,15,3,2,0,0,0,0,0,0,0,0,0,0,0,0,0,0,0,0,0,0,0,0
holdsch01w,10,0,ATL,25,25,708,348,29,80,109,56,34,7,74,60,319,132,93,78,30,6,0,1,0,13,3,2,1,3,0,0,0,3,2,4,1,1,1,1,0,0
hollake01w,5,0,HOU,27,21,703,177,19,47,66,53,40,3,47,51,159,59,41,28,97,31,0,0,0,0,0,0,0,0,0,0,0,0,0,0,0,0,0,0,0,0
holliqu01w,10,0,MIN,34,1,434,164,47,63,110,5,12,8,34,65,120,50,91,64,0,0,0,0,0,0,0,0,0,0,0,0,0,0,0,0,0,0,0,0,0,0
holmejo01w,1,0,DET,29,0,271,91,17,28,45,14,11,4,16,36,70,33,30,21,11,4,0,0,0,0,0,0,0,0,0,0,0,0,0,0,0,0,0,0,0,0
holmese01w,9,0,HOU,17,3,203,52,12,23,35,11,8,1,14,19,62,16,22,16,17,4,0,0,0,0,0,0,0,0,0,0,0,0,0,0,0,0,0,0,0,0
holtam01w,10,0,CON,23,7,380,137,13,61,74,44,9,2,14,39,123,40,53,44,50,13,0,0,0,0,0,0,0,0,0,0,0,0,0,0,0,0,0,0,0,0
hopeky01w,1,0,UTA,3,0,4,2,0,2,2,0,0,0,1,0,1,0,2,2,0,0,0,0,0,0,0,0,0,0,0,0,0,0,0,0,0,0,0,0,0,0
houstch01w,9,0,MIN,33,0,581,292,27,95,122,28,30,13,55,70,236,116,81,60,0,0,0,0,0,0,0,0,0,0,0,0,0,0,0,0,0,0,0,0,0,0
humphta01w,10,1,WAS,9,0,67,20,4,9,13,3,1,3,6,15,28,7,5,3,12,3,0,0,0,0,0,0,0,0,0,0,0,0,0,0,0,0,0,0,0,0
irvinsa01w,6,0,PHO,12,0,122,44,16,18,34,5,5,6,2,20,44,14,15,12,8,4,0,0,0,0,0,0,0,0,0,0,0,0,0,0,0,0,0,0,0,0
irvinsa01w,7,0,PHO,7,0,38,7,2,8,10,1,2,8,3,5,13,2,5,3,3,0,0,0,0,0,0,0,0,0,0,0,0,0,0,0,0,0,0,0,0,0
ivanyda01w,1,0,UTA,27,16,489,93,12,42,54,63,25,3,50,67,96,30,28,21,43,12,0,0,0,0,0,0,0,0,0,0,0,0,0,0,0,0,0,0,0,0
ivanyda01w,4,0,PHO,4,0,34,6,2,2,4,2,0,1,2,4,8,3,0,0,2,0,0,0,0,0,0,0,0,0,0,0,0,0,0,0,0,0,0,0,0,0
ivanyda01w,6,0,SAS,30,14,577,75,5,45,50,68,26,0,53,48,67,25,8,5,45,20,0,0,0,0,0,0,0,0,0,0,0,0,0,0,0,0,0,0,0,0
ivanyda01w,7,0,SAS,31,1,322,42,7,34,41,50,12,0,19,38,56,15,6,4,37,8,0,0,0,0,0,0,0,0,0,0,0,0,0,0,0,0,0,0,0,0
iveyni01w,2,0,IND,32,26,708,115,16,39,55,70,33,5,35,51,102,38,15,14,70,25,0,0,0,0,0,0,0,0,0,0,0,0,0,0,0,0,0,0,0,0
iveyni01w,3,0,IND,31,23,439,86,6,22,28,39,16,3,22,31,71,25,21,17,50,19,0,3,0,9,0,0,1,1,3,1,0,0,2,1,0,0,0,1,0,0
iveyni01w,4,0,IND,27,21,651,135,5,27,32,71,29,7,28,40,116,45,17,12,84,33,0,0,0,0,0,0,0,0,0,0,0,0,0,0,0,0,0,0,0,0
iveyni01w,5,0,IND,15,1,179,34,2,8,10,18,4,3,6,20,37,11,6,4,24,8,0,0,0,0,0,0,0,0,0,0,0,0,0,0,0,0,0,0,0,0
iveyni01w,6,1,DET,12,0,102,14,5,7,12,10,6,0,5,14,23,5,1,1,12,3,0,0,0,0,0,0,0,0,0,0,0,0,0,0,0,0,0,0,0,0
jacksde01w,3,0,CLE,18,0,143,55,10,17,27,6,2,1,9,11,46,19,24,17,3,0,0,0,0,0,0,0,0,0,0,0,0,0,0,0,0,0,0,0,0,0
jacksde01w,7,0,CHI,22,1,328,132,32,34,66,13,9,3,22,38,124,49,51,33,3,1,0,0,0,0,0,0,0,0,0,0,0,0,0,0,0,0,0,0,0,0
jacksgw01w,5,1,SAS,19,4,290,61,20,34,54,11,3,3,11,23,48,23,21,15,1,0,0,0,0,0,0,0,0,0,0,0,0,0,0,0,0,0,0,0,0,0
jacksgw01w,6,0,PHO,11,2,121,31,8,15,23,3,0,3,10,12,26,13,6,3,4,2,0,0,0,0,0,0,0,0,0,0,0,0,0,0,0,0,0,0,0,0
jacksta01w,3,0,HOU,5,1,69,6,7,6,13,1,3,3,6,7,8,3,2,0,0,0,0,0,0,0,0,0,0,0,0,0,0,0,0,0,0,0,0,0,0,0
jacksta02w,1,0,DET,17,0,267,116,8,17,25,36,22,0,21,30,106,41,35,26,32,8,0,0,0,0,0,0,0,0,0,0,0,0,0,0,0,0,0,0,0,0
jacksta02w,2,0,POR,32,1,497,132,10,34,44,50,28,0,45,35,169,55,23,16,39,6,0,0,0,0,0,0,0,0,0,0,0,0,0,0,0,0,0,0,0,0
jacksta02w,3,0,POR,32,10,692,314,20,39,59,95,55,1,64,59,291,122,66,46,76,24,0,0,0,0,0,0,0,0,0,0,0,0,0,0,0,0,0,0,0,0
jacksta02w,6,0,WAS,8,0,66,9,1,5,6,10,5,0,4,5,26,4,2,0,9,1,0,0,0,0,0,0,0,0,0,0,0,0,0,0,0,0,0,0,0,0
jacksta02w,7,0,PHO,3,2,54,24,1,3,4,7,6,1,4,7,28,10,6,4,3,0,0,0,0,0,0,0,0,0,0,0,0,0,0,0,0,0,0,0,0,0
jacksti02w,9,0,NYL,25,0,496,208,47,96,143,26,24,8,48,46,157,81,73,46,0,0,0,0,0,0,0,0,0,0,0,0,0,0,0,0,0,0,0,0,0,0
jacksti02w,10,0,NYL,34,9,495,180,35,81,116,24,21,13,43,55,149,67,64,46,0,0,0,0,0,0,0,0,0,0,0,0,0,0,0,0,0,0,0,0,0,0
jacobam01w,6,0,MIN,33,0,478,121,4,15,19,68,19,4,46,34,104,40,29,21,53,20,0,0,0,0,0,0,0,0,0,0,0,0,0,0,0,0,0,0,0,0
jacobam01w,7,0,MIN,34,34,861,279,17,73,90,115,26,2,90,71,214,96,57,47,102,40,0,0,0,0,0,0,0,0,0,0,0,0,0,0,0,0,0,0,0,0
jacobam01w,8,0,MIN,29,0,328,93,4,16,20,40,9,0,41,31,102,34,13,8,65,17,0,0,0,0,0,0,0,0,0,0,0,0,0,0,0,0,0,0,0,0
jacobam01w,9,1,WAS,6,3,82,10,1,6,7,11,3,0,8,7,12,3,2,1,10,3,0,0,0,0,0,0,0,0,0,0,0,0,0,0,0,0,0,0,0,0
jamesta01w,7,0,WAS,21,0,160,57,9,7,16,3,4,2,10,13,49,19,18,16,12,3,0,0,0,0,0,0,0,0,0,0,0,0,0,0,0,0,0,0,0,0
jamesta01w,8,0,WAS,31,9,401,167,15,34,49,34,25,4,28,43,134,52,53,45,50,18,0,0,0,0,0,0,0,0,0,0,0,0,0,0,0,0,0,0,0,0
joensca01w,8,0,CHI,19,0,271,95,6,27,33,32,17,1,13,18,79,31,13,11,45,22,0,0,0,0,0,0,0,0,0,0,0,0,0,0,0,0,0,0,0,0
joensca01w,9,0,CHI,26,0,272,99,5,30,35,14,5,2,23,26,91,34,8,7,65,24,0,0,0,0,0,0,0,0,0,0,0,0,0,0,0,0,0,0,0,0
johnsad01w,3,0,ORL,32,2,602,166,14,32,46,22,15,2,26,40,181,68,17,12,61,18,0,0,0,0,0,0,0,0,0,0,0,0,0,0,0,0,0,0,0,0
johnsad01w,4,0,CON,34,5,584,173,23,35,58,18,17,1,21,36,195,69,24,18,49,17,0,3,0,43,12,0,4,4,4,1,0,0,2,9,6,0,0,1,0,0
johnsch01w,4,0,LAS,8,0,45,6,2,4,6,3,0,1,4,6,5,1,4,3,5,1,0,0,0,0,0,0,0,0,0,0,0,0,0,0,0,0,0,0,0,0
johnsja01w,2,0,ORL,17,1,139,35,10,13,23,9,4,3,17,21,25,14,5,4,7,3,0,0,0,0,0,0,0,0,0,0,0,0,0,0,0,0,0,0,0,0
johnsla01w,1,0,UTA,29,6,481,144,14,38,52,26,12,2,34,65,129,52,43,28,36,12,0,0,0,0,0,0,0,0,0,0,0,0,0,0,0,0,0,0,0,0
johnsla01w,4,0,SAS,31,1,279,58,7,18,25,9,3,1,14,31,71,18,22,16,23,6,0,0,0,0,0,0,0,0,0,0,0,0,0,0,0,0,0,0,0,0
johnsla01w,5,0,HOU,6,0,36,6,0,1,1,1,2,0,2,3,7,2,2,0,6,2,0,0,0,0,0,0,0,0,0,0,0,0,0,0,0,0,0,0,0,0
johnsni01w,1,0,CHA,6,0,78,26,0,4,4,11,4,0,9,3,17,9,6,6,5,2,0,0,0,0,0,0,0,0,0,0,0,0,0,0,0,0,0,0,0,0
johnspo01w,1,0,CLE,12,0,57,17,7,7,14,2,0,1,8,9,10,5,12,7,0,0,0,4,0,6,7,1,1,2,1,0,0,0,0,3,3,2,1,0,0,0
johnspo01w,2,0,CLE,18,0,119,28,12,19,31,4,0,2,10,12,27,12,9,4,0,0,0,1,0,4,0,1,1,2,1,0,0,1,1,0,0,0,0,0,0,0
johnspo01w,3,0,MIA,31,30,801,217,58,82,140,32,27,15,53,75,149,78,97,61,0,0,0,0,0,0,0,0,0,0,0,0,0,0,0,0,0,0,0,0,0,0
johnspo01w,5,0,HOU,19,0,157,22,16,13,29,1,4,3,8,21,17,3,21,16,0,0,0,0,0,0,0,0,0,0,0,0,0,0,0,0,0,0,0,0,0,0
johnssh01w,2,0,ORL,26,22,785,302,15,62,77,68,34,6,54,66,245,90,111,84,104,38,0,0,0,0,0,0,0,0,0,0,0,0,0,0,0,0,0,0,0,0
johnssh01w,7,0,SAS,32,32,874,318,31,64,95,117,60,5,75,78,256,104,97,78,91,32,0,0,0,0,0,0,0,0,0,0,0,0,0,0,0,0,0,0,0,0
johnste01w,8,0,LAS,11,11,206,70,4,25,29,30,8,1,31,17,88,29,16,11,3,1,0,0,0,0,0,0,0,0,0,0,0,0,0,0,0,0,0,0,0,0
johnsti01w,4,0,HOU,22,3,359,77,19,44,63,13,3,7,20,33,62,30,23,17,0,0,0,3,0,31,0,2,4,6,0,2,0,1,4,6,0,0,0,0,0,0
johnsvi01w,4,0,NYL,32,32,1042,430,30,65,95,75,29,7,55,65,345,158,92,79,96,35,0,0,0,0,0,0,0,0,0,0,0,0,0,0,0,0,0,0,0,0
johnsvi01w,7,0,SAS,34,34,1004,337,55,112,167,122,28,3,59,61,317,119,90,76,69,23,0,0,0,0,0,0,0,0,0,0,0,0,0,0,0,0,0,0,0,0
jonesch01w,5,0,DET,31,8,397,107,8,26,34,45,18,5,40,41,103,37,31,25,32,8,0,2,0,10,2,0,0,0,1,0,0,1,2,4,1,0,0,0,0,0
jonesch01w,6,1,DET,21,0,329,125,8,23,31,23,13,2,23,42,113,46,19,15,37,18,0,0,0,0,0,0,0,0,0,0,0,0,0,0,0,0,0,0,0,0
jonesch01w,7,0,MIN,6,0,38,17,2,3,5,3,1,0,2,3,9,5,4,4,4,3,0,0,0,0,0,0,0,0,0,0,0,0,0,0,0,0,0,0,0,0
jonesja01w,1,0,MIA,21,0,233,68,10,12,22,10,8,0,25,40,95,25,16,11,35,7,0,0,0,0,0,0,0,0,0,0,0,0,0,0,0,0,0,0,0,0
jonesla01w,1,0,CHA,9,0,54,19,0,5,5,2,0,1,4,5,19,8,2,1,6,2,0,0,0,0,0,0,0,0,0,0,0,0,0,0,0,0,0,0,0,0
jonesme01w,3,0,CLE,32,32,1094,391,33,143,176,72,44,4,55,60,393,157,79,62,54,15,0,0,0,0,0,0,0,0,0,0,0,0,0,0,0,0,0,0,0,0
jonesme01w,4,0,CLE,34,15,672,164,18,79,97,44,22,3,36,59,196,66,39,28,13,4,0,3,0,37,5,3,2,5,0,0,0,2,2,5,2,2,1,1,0,0
kellycr01w,10,1,SAC,23,4,283,98,20,19,39,8,7,2,22,40,57,25,57,48,1,0,0,0,0,0,0,0,0,0,0,0,0,0,0,0,0,0,0,0,0,0
kingbsu01w,6,0,MIN,3,0,17,3,0,1,1,1,0,1,0,2,1,0,4,3,0,0,0,0,0,0,0,0,0,0,0,0,0,0,0,0,0,0,0,0,0,0
kingija01w,2,0,DET,29,17,625,169,20,43,63,74,31,8,53,42,142,55,36,26,88,33,0,0,0,0,0,0,0,0,0,0,0,0,0,0,0,0,0,0,0,0
kingija01w,5,1,DET,5,0,15,3,0,1,1,1,0,0,2,1,0,0,4,3,0,0,0,0,0,0,0,0,0,0,0,0,0,0,0,0,0,0,0,0,0,0
kingija01w,7,0,SAS,18,1,115,25,3,7,10,11,6,0,5,8,18,8,9,7,6,2,0,0,0,0,0,0,0,0,0,0,0,0,0,0,0,0,0,0,0,0
klimezu01w,3,0,IND,11,0,39,5,1,4,5,2,1,1,2,2,12,2,1,1,0,0,0,0,0,0,0,0,0,0,0,0,0,0,0,0,0,0,0,0,0,0
klimezu01w,4,0,IND,1,0,3,2,0,0,0,0,0,0,0,1,1,0,2,2,0,0,0,0,0,0,0,0,0,0,0,0,0,0,0,0,0,0,0,0,0,0
koehnla01w,6,0,WAS,30,0,230,113,4,7,11,10,2,0,6,15,79,37,5,4,75,35,0,0,0,0,0,0,0,0,0,0,0,0,0,0,0,0,0,0,0,0
koehnla01w,7,0,WAS,32,0,161,71,0,12,12,8,2,2,5,16,46,23,4,3,42,22,0,2,0,0,0,0,0,0,0,0,0,0,0,0,0,0,0,0,0,0
koehnla01w,8,0,WAS,28,0,109,40,0,8,8,5,0,0,3,8,36,13,2,2,33,12,0,0,0,0,0,0,0,0,0,0,0,0,0,0,0,0,0,0,0,0
koehnla01w,9,0,WAS,30,0,144,71,4,7,11,3,0,0,10,9,61,24,2,0,55,23,0,0,0,0,0,0,0,0,0,0,0,0,0,0,0,0,0,0,0,0
korstil01w,2,0,PHO,12,0,75,21,6,5,11,5,3,0,9,4,25,7,7,6,3,1,0,0,0,0,0,0,0,0,0,0,0,0,0,0,0,0,0,0,0,0
kostaan01w,7,0,HOU,32,0,266,67,3,22,25,19,7,0,42,41,57,18,35,25,30,6,0,2,0,11,5,0,1,1,1,0,0,3,2,2,2,1,1,0,0,0
kostita01w,1,0,MIA,5,0,46,7,3,2,5,4,2,0,7,6,9,3,2,1,0,0,0,0,0,0,0,0,0,0,0,0,0,0,0,0,0,0,0,0,0,0
kraayca01w,7,0,NYL,34,13,903,298,46,112,158,32,16,15,62,71,239,106,72,55,93,31,0,0,0,0,0,0,0,0,0,0,0,0,0,0,0,0,0,0,0,0
kubikni01w,1,0,PHO,4,0,19,6,0,2,2,2,0,0,3,4,3,1,4,4,1,0,0,2,0,5,2,0,0,0,0,0,0,1,2,2,0,2,2,0,0,0
kubikni01w,2,0,PHO,3,0,21,2,0,2,2,5,4,0,3,7,4,1,0,0,1,0,0,0,0,0,0,0,0,0,0,0,0,0,0,0,0,0,0,0,0,0
lacyje01w,8,0,PHO,20,0,94,35,10,9,19,2,3,0,10,26,29,12,18,10,3,1,0,1,0,3,2,0,0,0,0,0,0,0,2,2,1,2,0,0,0,0
lacyje01w,10,0,ATL,32,0,362,96,32,38,70,9,9,7,24,57,107,35,33,22,19,4,0,2,0,23,2,1,1,2,0,0,0,0,3,5,0,4,2,2,0,0
lacyve01w,1,0,NYL,2,2,18,6,1,4,5,0,0,0,2,0,5,2,4,2,0,0,0,0,0,0,0,0,0,0,0,0,0,0,0,0,0,0,0,0,0,0
lambesh01w,3,0,CHA,3,0,16,2,2,1,3,3,1,0,2,1,3,1,0,0,0,0,0,0,0,0,0,0,0,0,0,0,0,0,0,0,0,0,0,0,0,0
lambesh01w,5,0,HOU,34,25,788,197,19,49,68,88,26,4,82,46,177,75,51,40,27,7,0,0,0,0,0,0,0,0,0,0,0,0,0,0,0,0,0,0,0,0
lambesh01w,6,0,DET,12,5,152,33,2,15,17,21,8,1,24,11,45,14,5,4,7,1,0,0,0,0,0,0,0,0,0,0,0,0,0,0,0,0,0,0,0,0
lambmo01w,1,0,HOU,13,2,140,26,5,21,26,3,2,4,4,23,20,10,12,6,0,0,0,0,0,0,0,0,0,0,0,0,0,0,0,0,0,0,0,0,0,0
larkier01w,10,0,NYL,18,0,137,44,11,20,31,8,9,4,16,19,33,14,23,16,0,0,0,0,0,0,0,0,0,0,0,0,0,0,0,0,0,0,0,0,0,0
lassiam01w,3,1,HOU,6,0,46,1,1,5,6,2,2,2,2,4,10,0,2,1,5,0,0,0,0,0,0,0,0,0,0,0,0,0,0,0,0,0,0,0,0,0
lassiam01w,6,0,MIN,31,3,388,107,10,36,46,23,14,4,29,55,115,38,11,7,72,24,0,0,0,0,0,0,0,0,0,0,0,0,0,0,0,0,0,0,0,0
lawsoed01w,6,1,NYL,2,0,12,2,0,2,2,0,0,0,0,2,4,0,2,2,2,0,0,0,0,0,0,0,0,0,0,0,0,0,0,0,0,0,0,0,0,0
lawsoka01w,10,0,SAC,25,5,604,220,11,42,53,63,16,1,35,24,200,76,33,31,110,37,0,0,0,0,0,0,0,0,0,0,0,0,0,0,0,0,0,0,0,0
lazicka01w,2,0,NYL,8,0,55,17,2,4,6,3,3,0,10,9,20,8,2,1,2,0,0,2,0,2,0,0,1,1,0,0,0,1,0,0,0,0,0,0,0,0
lehnish01w,10,0,ATL,34,20,707,102,19,60,79,127,18,3,54,44,93,36,31,24,30,6,0,0,0,0,0,0,0,0,0,0,0,0,0,0,0,0,0,0,0,0
lennobe01w,2,0,MIN,11,7,241,121,13,41,54,16,10,4,25,29,110,41,20,19,52,20,0,0,0,0,0,0,0,0,0,0,0,0,0,0,0,0,0,0,0,0
leuchye01w,7,0,CHA,4,0,38,12,2,3,5,3,0,1,1,5,10,5,4,2,0,0,0,0,0,0,0,0,0,0,0,0,0,0,0,0,0,0,0,0,0,0
leuchye01w,8,0,WAS,6,0,29,4,2,1,3,3,2,0,3,7,6,1,2,2,0,0,0,0,0,0,0,0,0,0,0,0,0,0,0,0,0,0,0,0,0,0
levanni01w,2,0,LAS,13,0,67,20,5,4,9,7,5,1,5,3,22,7,1,1,17,5,0,3,0,5,0,0,0,0,0,0,0,0,0,3,0,0,0,2,0,0
lewista01w,3,0,SEA,14,0,57,18,7,17,24,3,2,0,7,12,10,4,18,10,1,0,0,0,0,0,0,0,0,0,0,0,0,0,0,0,0,0,0,0,0,0
lewisty01w,2,0,HOU,29,4,419,97,21,41,62,15,11,4,26,26,92,39,17,11,20,8,0,2,0,6,0,0,0,0,2,0,0,0,1,1,0,0,0,0,0,0
lewisty01w,3,0,HOU,17,1,145,34,6,12,18,9,3,3,9,18,30,13,8,5,8,3,0,0,0,0,0,0,0,0,0,0,0,0,0,0,0,0,0,0,0,0
lewisty01w,6,1,CHA,10,1,166,47,10,10,20,13,3,3,11,7,61,19,16,8,12,1,0,0,0,0,0,0,0,0,0,0,0,0,0,0,0,0,0,0,0,0
lewisty01w,7,0,MIN,19,0,202,46,10,17,27,18,12,5,16,16,55,19,10,7,11,1,0,0,0,0,0,0,0,0,0,0,0,0,0,0,0,0,0,0,0,0
liebena01w,9,0,DET,1,0,9,0,0,0,0,2,0,0,2,0,1,0,0,0,0,0,0,0,0,0,0,0,0,0,0,0,0,0,0,0,0,0,0,0,0,0
littlca01w,9,1,ATL,13,2,221,62,18,22,40,9,10,7,18,34,50,21,27,16,10,4,0,0,0,0,0,0,0,0,0,0,0,0,0,0,0,0,0,0,0,0
lloydan01w,1,0,MIN,14,2,333,75,14,29,43,22,12,2,24,32,68,26,17,12,32,11,0,0,0,0,0,0,0,0,0,0,0,0,0,0,0,0,0,0,0,0
lobore01w,2,0,NYL,16,0,85,17,2,12,14,1,2,0,7,16,22,7,4,2,2,1,0,0,0,0,0,0,0,0,0,0,0,0,0,0,0,0,0,0,0,0
lobore01w,3,0,HOU,21,0,132,34,9,14,23,12,1,5,11,10,32,15,4,1,7,3,0,0,0,0,0,0,0,0,0,0,0,0,0,0,0,0,0,0,0,0
lovelst01w,1,0,SEA,23,1,324,99,19,38,57,16,13,2,35,42,103,36,31,25,9,2,0,0,0,0,0,0,0,0,0,0,0,0,0,0,0,0,0,0,0,0
lovelst01w,2,0,SEA,22,2,211,76,14,18,32,9,8,5,18,23,71,27,17,12,26,10,0,0,0,0,0,0,0,0,0,0,0,0,0,0,0,0,0,0,0,0
lovelst01w,6,0,MIN,34,2,594,209,35,72,107,31,24,11,37,57,173,70,54,43,63,26,0,0,0,0,0,0,0,0,0,0,0,0,0,0,0,0,0,0,0,0
lovelst01w,7,0,CHI,34,6,623,253,48,88,136,22,19,20,53,69,229,95,56,44,63,19,0,0,0,0,0,0,0,0,0,0,0,0,0,0,0,0,0,0,0,0
lovelst01w,8,0,WAS,9,0,105,24,6,7,13,2,4,0,7,13,21,9,8,4,7,2,0,0,0,0,0,0,0,0,0,0,0,0,0,0,0,0,0,0,0,0
luckepa01w,2,0,PHO,1,0,8,0,0,1,1,1,0,1,0,0,1,0,0,0,0,0,0,0,0,0,0,0,0,0,0,0,0,0,0,0,0,0,0,0,0,0
luzhe01w,2,0,WAS,32,3,489,164,10,27,37,55,28,5,43,47,136,55,25,22,82,32,0,0,0,0,0,0,0,0,0,0,0,0,0,0,0,0,0,0,0,0
luzhe01w,4,0,WAS,20,0,165,59,2,8,10,21,6,2,11,16,53,19,10,9,40,12,0,0,0,0,0,0,0,0,0,0,0,0,0,0,0,0,0,0,0,0
lyttlsa01w,6,0,HOU,33,0,460,140,35,90,125,17,20,3,23,45,101,59,40,22,0,0,0,5,0,34,10,2,10,12,0,2,0,0,5,5,3,6,4,0,0,0
lyttlsa01w,7,0,HOU,29,2,380,106,40,74,114,8,25,4,18,61,87,40,42,26,0,0,0,2,0,31,11,0,10,10,0,1,0,2,4,5,4,4,3,0,0,0
lyttlsa01w,8,0,HOU,31,25,506,183,66,98,164,30,37,20,40,62,156,77,51,29,0,0,0,0,0,0,0,0,0,0,0,0,0,0,0,0,0,0,0,0,0,0
mabikmw01w,9,0,HOU,20,11,327,92,10,27,37,17,10,0,12,39,99,30,21,15,62,17,0,0,0,0,0,0,0,0,0,0,0,0,0,0,0,0,0,0,0,0
macchla01w,5,0,LAS,25,15,410,152,23,38,61,14,21,6,29,56,106,52,55,41,26,7,0,1,0,15,2,1,3,4,1,1,0,3,4,6,1,0,0,1,0,0
machacl01w,3,0,ORL,29,25,428,138,26,38,64,17,12,4,33,61,114,61,25,16,0,0,0,0,0,0,0,0,0,0,0,0,0,0,0,0,0,0,0,0,0,0
mahonme01w,8,0,CON,18,0,121,31,7,7,14,8,4,1,11,18,28,7,22,16,6,1,0,2,0,11,7,2,1,3,0,1,0,0,3,4,3,2,1,1,0,0
mahonsh01w,1,0,NYL,15,3,158,27,10,20,30,4,2,1,5,14,38,11,8,4,5,1,0,0,0,0,0,0,0,0,0,0,0,0,0,0,0,0,0,0,0,0
mahonsh01w,3,0,PHO,3,0,13,5,2,0,2,1,0,0,1,4,3,2,1,1,1,0,0,0,0,0,0,0,0,0,0,0,0,0,0,0,0,0,0,0,0,0
maigaha01w,3,0,SAC,23,3,197,40,18,19,37,9,15,3,23,37,53,13,30,14,0,0,0,0,0,0,0,0,0,0,0,0,0,0,0,0,0,0,0,0,0,0
maigaha01w,4,0,SAC,22,0,190,42,13,24,37,14,18,2,14,27,52,17,20,8,0,0,0,4,0,15,2,1,2,3,2,0,0,5,4,3,1,0,0,0,0,0
maigaha01w,9,0,HOU,26,22,590,202,30,55,85,39,33,8,57,64,177,87,39,27,2,1,0,0,0,0,0,0,0,0,0,0,0,0,0,0,0,0,0,0,0,0
maigaha01w,10,0,SAC,34,5,676,303,34,55,89,37,31,8,52,76,255,124,77,55,1,0,0,0,0,0,0,0,0,0,0,0,0,0,0,0,0,0,0,0,0,0
malloso01w,4,0,PHO,6,0,44,10,4,6,10,0,1,4,6,7,9,4,2,2,0,0,0,0,0,0,0,0,0,0,0,0,0,0,0,0,0,0,0,0,0,0
mannkr01w,6,0,MIN,24,0,185,71,11,24,35,11,8,1,7,16,60,30,16,11,9,0,0,0,0,0,0,0,0,0,0,0,0,0,0,0,0,0,0,0,0,0
mannkr01w,7,0,MIN,33,33,894,245,23,90,113,94,19,7,50,71,238,92,34,25,96,36,0,0,0,0,0,0,0,0,0,0,0,0,0,0,0,0,0,0,0,0
mannkr01w,9,1,ATL,13,8,223,45,9,10,19,14,8,4,14,23,44,18,5,5,8,4,0,0,0,0,0,0,0,0,0,0,0,0,0,0,0,0,0,0,0,0
mapprh01w,2,0,LAS,30,0,395,126,34,45,79,14,16,6,25,60,123,51,32,24,3,0,0,5,0,27,6,1,6,7,3,0,0,2,5,9,3,0,0,0,0,0
mapprh01w,4,0,LAS,24,4,255,62,26,42,68,6,7,6,12,45,60,30,4,2,1,0,0,0,0,0,0,0,0,0,0,0,0,0,0,0,0,0,0,0,0,0
marcimi01w,2,0,SEA,27,5,392,132,17,21,38,47,30,2,30,49,139,51,37,20,33,10,0,0,0,0,0,0,0,0,0,0,0,0,0,0,0,0,0,0,0,0
martinu01w,6,0,MIN,1,0,2,0,0,0,0,0,0,0,0,0,1,0,0,0,1,0,0,0,0,0,0,0,0,0,0,0,0,0,0,0,0,0,0,0,0,0
mascira01w,5,0,LAS,17,0,116,28,1,4,5,8,1,0,5,23,25,10,10,4,11,4,0,1,0,2,0,0,0,0,0,0,0,0,1,0,0,0,0,0,0,0
matteca01w,6,0,CHA,10,0,56,9,0,3,3,6,1,0,2,4,13,3,2,2,7,1,0,0,0,0,0,0,0,0,0,0,0,0,0,0,0,0,0,0,0,0
maxwemo01w,2,0,IND,15,3,238,47,12,26,38,14,5,3,22,19,53,16,12,8,31,7,0,0,0,0,0,0,0,0,0,0,0,0,0,0,0,0,0,0,0,0
maxwemo01w,3,0,IND,18,0,170,35,12,19,31,7,7,4,6,16,47,14,2,2,17,5,0,2,0,8,0,0,0,0,1,0,0,0,0,3,0,0,0,1,0,0
mazzake01w,5,0,CHA,34,0,339,79,9,24,33,9,7,2,20,22,92,31,6,4,52,13,0,0,0,0,0,0,0,0,0,0,0,0,0,0,0,0,0,0,0,0
mazzake01w,6,0,CHA,27,2,226,64,14,17,31,7,9,0,7,9,72,21,10,8,46,14,0,0,0,0,0,0,0,0,0,0,0,0,0,0,0,0,0,0,0,0
mazzake01w,10,0,PHO,31,2,433,106,7,33,40,17,10,3,10,42,99,36,3,3,88,31,0,4,0,14,0,0,2,2,0,0,0,1,0,2,0,0,0,1,0,0
mccaibr01w,3,0,CLE,31,2,392,83,4,22,26,41,11,3,34,29,86,25,16,12,58,21,0,0,0,0,0,0,0,0,0,0,0,0,0,0,0,0,0,0,0,0
mccaiti01w,2,0,ORL,32,9,442,97,7,31,38,36,10,8,34,52,109,35,9,6,67,21,0,0,0,0,0,0,0,0,0,0,0,0,0,0,0,0,0,0,0,0
mccaiti01w,3,0,ORL,16,0,51,7,1,2,3,2,3,0,3,9,10,2,4,3,4,0,0,0,0,0,0,0,0,0,0,0,0,0,0,0,0,0,0,0,0,0
mccarja01w,6,0,CHA,28,3,311,50,32,44,76,11,12,7,22,39,50,17,25,16,0,0,0,0,0,0,0,0,0,0,0,0,0,0,0,0,0,0,0,0,0,0
mccarst01w,1,0,IND,32,12,635,230,14,46,60,57,31,6,47,49,166,66,86,71,70,27,0,0,0,0,0,0,0,0,0,0,0,0,0,0,0,0,0,0,0,0
mccarst01w,2,0,IND,30,0,504,169,13,42,55,58,26,14,38,50,137,52,55,42,57,23,0,0,0,0,0,0,0,0,0,0,0,0,0,0,0,0,0,0,0,0
mccarst01w,4,0,IND,28,10,577,194,14,27,41,58,34,6,37,60,173,60,48,45,84,29,0,0,0,0,0,0,0,0,0,0,0,0,0,0,0,0,0,0,0,0
mccarst01w,5,0,IND,22,12,450,91,8,20,28,52,24,5,30,30,72,27,34,24,39,13,0,0,0,0,0,0,0,0,0,0,0,0,0,0,0,0,0,0,0,0
mccrani01w,5,0,PHO,27,9,371,69,10,19,29,13,7,0,18,35,67,30,7,4,11,5,0,0,0,0,0,0,0,0,0,0,0,0,0,0,0,0,0,0,0,0
mccrani01w,6,0,SAS,23,5,302,38,7,13,20,16,11,0,18,26,62,15,11,7,20,1,0,0,0,0,0,0,0,0,0,0,0,0,0,0,0,0,0,0,0,0
mccrani01w,7,0,CHI,11,2,86,22,2,3,5,5,7,1,10,8,22,8,7,5,5,1,0,0,0,0,0,0,0,0,0,0,0,0,0,0,0,0,0,0,0,0
mcculda01w,2,0,IND,8,2,90,28,4,13,17,5,0,2,7,12,18,5,18,17,2,1,0,0,0,0,0,0,0,0,0,0,0,0,0,0,0,0,0,0,0,0
mcculda01w,3,0,SEA,4,1,43,2,3,4,7,1,1,0,2,5,12,0,2,2,3,0,0,0,0,0,0,0,0,0,0,0,0,0,0,0,0,0,0,0,0,0
mcculda01w,4,0,SEA,7,0,26,2,0,1,1,0,0,0,4,3,6,1,0,0,1,0,0,0,0,0,0,0,0,0,0,0,0,0,0,0,0,0,0,0,0,0
mcgheca01w,2,0,ORL,17,0,71,14,3,7,10,0,1,1,6,9,24,6,4,2,0,0,0,0,0,0,0,0,0,0,0,0,0,0,0,0,0,0,0,0,0,0
mcgheca01w,3,0,ORL,2,0,4,5,1,0,1,0,0,0,0,0,4,2,1,1,0,0,0,0,0,0,0,0,0,0,0,0,0,0,0,0,0,0,0,0,0,0
mckivte01w,5,0,CHA,9,0,77,35,9,9,18,0,2,6,5,21,27,14,14,7,0,0,0,0,0,0,0,0,0,0,0,0,0,0,0,0,0,0,0,0,0,0
mckivte01w,6,0,CHA,31,1,362,113,29,36,65,7,14,18,26,71,91,44,36,25,0,0,0,0,0,0,0,0,0,0,0,0,0,0,0,0,0,0,0,0,0,0
mckivte01w,8,0,PHO,2,0,5,0,0,1,1,0,0,1,0,1,0,0,2,0,0,0,0,0,0,0,0,0,0,0,0,0,0,0,0,0,0,0,0,0,0,0
mcwilta01w,9,1,WAS,26,26,862,347,59,132,191,41,44,25,75,62,280,147,63,46,25,7,0,0,0,0,0,0,0,0,0,0,0,0,0,0,0,0,0,0,0,0
melvich01w,8,1,WAS,3,3,82,34,7,13,20,0,6,0,2,13,26,9,19,16,2,0,0,0,0,0,0,0,0,0,0,0,0,0,0,0,0,0,0,0,0,0
mendigi01w,5,0,SAC,6,0,39,10,2,3,5,3,0,0,3,2,8,4,0,0,5,2,0,0,0,0,0,0,0,0,0,0,0,0,0,0,0,0,0,0,0,0
miaomi01w,6,0,SAC,18,0,135,31,0,4,4,13,5,1,15,13,30,9,7,7,20,6,0,0,0,0,0,0,0,0,0,0,0,0,0,0,0,0,0,0,0,0
millebr01w,10,0,DET,1,0,8,0,0,0,0,0,1,0,0,1,1,0,0,0,0,0,0,0,0,0,0,0,0,0,0,0,0,0,0,0,0,0,0,0,0,0
milleco01w,2,0,WAS,20,0,137,34,5,4,9,8,6,0,13,10,40,13,11,6,6,2,0,0,0,0,0,0,0,0,0,0,0,0,0,0,0,0,0,0,0,0
milleco01w,6,0,WAS,34,4,500,153,24,35,59,44,26,3,28,53,160,68,10,8,24,9,0,0,0,0,0,0,0,0,0,0,0,0,0,0,0,0,0,0,0,0
milleco01w,8,0,WAS,30,2,455,120,20,29,49,25,19,2,29,45,116,47,16,16,25,10,0,0,0,0,0,0,0,0,0,0,0,0,0,0,0,0,0,0,0,0
milleco01w,9,0,WAS,34,6,710,179,46,39,85,47,26,5,58,63,217,77,16,10,53,15,0,0,0,0,0,0,0,0,0,0,0,0,0,0,0,0,0,0,0,0
milleke01w,2,0,CHA,26,0,225,55,11,17,28,14,9,0,9,14,57,22,5,4,19,7,0,2,0,8,0,0,0,0,0,0,0,0,0,2,0,2,0,0,0,0
milleke01w,4,0,CHA,34,0,523,189,20,33,53,47,18,2,35,44,167,68,40,31,52,22,0,2,0,23,8,0,1,1,2,0,0,1,2,10,4,0,0,2,0,0
milleke01w,7,0,PHO,27,24,814,296,41,103,144,94,28,6,73,74,259,109,62,48,79,30,0,0,0,0,0,0,0,0,0,0,0,0,0,0,0,0,0,0,0,0
milleke01w,10,0,MIN,34,25,675,150,19,55,74,67,24,2,50,56,149,54,22,20,66,22,0,0,0,0,0,0,0,0,0,0,0,0,0,0,0,0,0,0,0,0
millsta01w,2,0,WAS,30,0,319,64,40,65,105,6,14,4,25,72,69,23,31,18,1,0,0,0,0,0,0,0,0,0,0,0,0,0,0,0,0,0,0,0,0,0
millsta01w,3,0,WAS,4,0,17,0,0,3,3,0,1,0,2,3,4,0,2,0,0,0,0,0,0,0,0,0,0,0,0,0,0,0,0,0,0,0,0,0,0,0
millsta01w,8,0,DET,5,1,51,15,10,8,18,2,0,0,6,11,21,6,4,3,0,0,0,0,0,0,0,0,0,0,0,0,0,0,0,0,0,0,0,0,0,0
mitchle01w,10,0,NYL,34,2,436,80,8,33,41,76,9,2,26,46,100,30,6,6,52,14,0,0,0,0,0,0,0,0,0,0,0,0,0,0,0,0,0,0,0,0
moeggli01w,7,0,CHI,27,1,277,58,27,19,46,17,10,6,15,14,63,20,30,14,12,4,0,0,0,0,0,0,0,0,0,0,0,0,0,0,0,0,0,0,0,0
moeggli01w,8,0,CHI,23,0,206,37,26,5,31,6,3,2,10,15,41,17,5,2,6,1,0,0,0,0,0,0,0,0,0,0,0,0,0,0,0,0,0,0,0,0
moisead01w,2,0,PHO,7,0,123,41,4,12,16,17,6,0,16,11,36,14,12,9,12,4,0,0,0,0,0,0,0,0,0,0,0,0,0,0,0,0,0,0,0,0
moisead01w,3,0,PHO,32,4,619,193,15,45,60,79,30,3,72,53,164,63,60,48,66,19,0,0,0,0,0,0,0,0,0,0,0,0,0,0,0,0,0,0,0,0
moisead01w,8,0,PHO,4,0,31,7,3,4,7,3,3,0,10,2,5,2,2,2,1,1,0,0,0,0,0,0,0,0,0,0,0,0,0,0,0,0,0,0,0,0
montaan01w,10,0,MIN,16,1,169,35,15,11,26,19,9,0,12,17,36,14,2,2,15,5,0,0,0,0,0,0,0,0,0,0,0,0,0,0,0,0,0,0,0,0
montgre01w,10,0,MIN,34,9,764,306,15,51,66,72,25,9,66,37,250,102,72,60,121,42,0,0,0,0,0,0,0,0,0,0,0,0,0,0,0,0,0,0,0,0
mooreja01w,3,0,IND,18,2,128,42,9,20,29,3,5,1,14,16,38,16,14,10,1,0,0,2,0,6,0,0,1,1,0,1,0,0,3,2,0,0,0,0,0,0
mooreje01w,9,0,LAS,28,2,309,39,17,28,45,17,4,5,17,48,43,14,16,11,0,0,0,6,0,52,8,0,5,5,3,0,0,3,8,9,3,2,2,0,0,0
moorelo01w,6,0,NYL,24,0,182,22,4,23,27,19,10,0,25,12,23,9,9,4,2,0,0,1,0,1,0,0,0,0,0,0,0,0,0,0,0,0,0,0,0,0
moorelo01w,7,0,NYL,34,29,952,208,31,113,144,122,61,10,65,90,201,68,51,37,96,35,0,0,0,0,0,0,0,0,0,0,0,0,0,0,0,0,0,0,0,0
moorena01w,8,0,MIN,19,0,87,21,3,12,15,4,3,0,7,21,26,7,8,6,8,1,0,0,0,0,0,0,0,0,0,0,0,0,0,0,0,0,0,0,0,0
moorena01w,9,0,MIN,16,0,125,48,7,8,15,5,4,3,3,18,47,15,27,15,9,3,0,0,0,0,0,0,0,0,0,0,0,0,0,0,0,0,0,0,0,0
mooreta01w,3,1,MIA,5,3,83,28,3,4,7,10,7,0,11,16,25,8,10,10,9,2,0,0,0,0,0,0,0,0,0,0,0,0,0,0,0,0,0,0,0,0
mooreta01w,4,1,DET,15,0,66,21,3,6,9,4,4,2,6,5,16,8,6,5,4,0,0,0,0,0,0,0,0,0,0,0,0,0,0,0,0,0,0,0,0,0
mooreta01w,5,0,PHO,32,0,387,82,7,21,28,53,26,9,34,46,61,27,29,25,10,3,0,0,0,0,0,0,0,0,0,0,0,0,0,0,0,0,0,0,0,0
mooreta01w,6,0,NYL,7,0,48,11,0,7,7,6,0,0,4,6,6,4,2,2,3,1,0,0,0,0,0,0,0,0,0,0,0,0,0,0,0,0,0,0,0,0
moosca01w,3,0,MIA,2,0,6,0,0,0,0,0,0,1,0,2,1,0,0,0,0,0,0,0,0,0,0,0,0,0,0,0,0,0,0,0,0,0,0,0,0,0
mosbybe01w,8,0,WAS,28,0,279,83,25,53,78,10,8,6,19,22,62,30,28,23,1,0,0,0,0,0,0,0,0,0,0,0,0,0,0,0,0,0,0,0,0,0
mosbybe01w,9,0,WAS,24,1,183,48,17,36,53,2,2,7,12,20,51,20,12,8,0,0,0,0,0,0,0,0,0,0,0,0,0,0,0,0,0,0,0,0,0,0
moweje01w,2,0,POR,5,0,17,6,1,2,3,0,0,1,2,5,3,3,0,0,0,0,0,0,0,0,0,0,0,0,0,0,0,0,0,0,0,0,0,0,0,0
moweje01w,3,0,POR,5,0,16,1,1,0,1,0,0,0,1,3,1,0,2,1,0,0,0,0,0,0,0,0,0,0,0,0,0,0,0,0,0,0,0,0,0,0
moweje01w,4,0,LAS,1,0,21,0,0,1,1,0,0,1,1,3,2,0,0,0,0,0,0,0,0,0,0,0,0,0,0,0,0,0,0,0,0,0,0,0,0,0
mulitna01w,1,0,UTA,22,3,291,99,12,22,34,6,4,6,30,37,69,41,20,15,3,2,0,0,0,0,0,0,0,0,0,0,0,0,0,0,0,0,0,0,0,0
murphsh01w,8,0,MIN,32,0,436,165,50,54,104,17,19,8,20,48,145,54,46,39,66,18,0,0,0,0,0,0,0,0,0,0,0,0,0,0,0,0,0,0,0,0
murphsh01w,9,1,MIN,2,0,5,2,2,0,2,0,0,0,0,2,5,1,0,0,0,0,0,0,0,0,0,0,0,0,0,0,0,0,0,0,0,0,0,0,0,0
murphsh01w,10,0,IND,24,0,186,100,23,19,42,10,6,2,9,30,89,34,26,21,32,11,0,4,0,9,0,1,1,2,1,0,0,0,2,5,0,0,0,2,0,0
nagyan01w,1,0,WAS,23,23,694,97,10,53,63,118,17,8,55,55,79,31,26,21,39,14,0,0,0,0,0,0,0,0,0,0,0,0,0,0,0,0,0,0,0,0
nanch01w,10,0,CHI,26,5,320,97,23,32,55,6,8,9,29,38,95,46,8,5,0,0,0,0,0,0,0,0,0,0,0,0,0,0,0,0,0,0,0,0,0,0
ndiayas01w,1,0,DET,32,32,868,346,65,122,187,40,23,22,64,87,333,158,51,29,6,1,0,0,0,0,0,0,0,0,0,0,0,0,0,0,0,0,0,0,0,0
ndiayas01w,3,0,DET,32,32,776,275,44,118,162,39,17,12,58,65,270,126,39,23,2,0,0,0,0,0,0,0,0,0,0,0,0,0,0,0,0,0,0,0,0,0
ndiayas01w,4,0,DET,11,2,70,20,5,9,14,1,3,1,9,3,21,10,2,0,0,0,0,2,0,6,1,0,0,0,1,0,0,0,1,0,0,2,1,0,0,0
ndiayas01w,5,0,IND,10,0,74,12,2,9,11,4,1,3,8,7,19,5,4,2,0,0,0,0,0,0,0,0,0,0,0,0,0,0,0,0,0,0,0,0,0,0
ndiayas01w,7,0,HOU,11,3,127,35,10,20,30,8,1,1,10,14,35,16,6,3,0,0,0,0,0,0,0,0,0,0,0,0,0,0,0,0,0,0,0,0,0,0
ndiayas01w,8,0,SEA,4,0,58,10,4,3,7,0,1,1,5,6,14,5,0,0,1,0,0,1,0,4,0,0,0,0,0,1,0,1,0,1,0,0,0,0,0,0
ndongem01w,7,0,LAS,17,0,111,20,15,11,26,3,7,8,6,23,27,7,13,6,0,0,0,0,0,0,0,0,0,0,0,0,0,0,0,0,0,0,0,0,0,0
nemcoev01w,1,0,CLE,14,14,443,185,9,32,41,23,15,8,27,29,164,67,24,22,71,29,0,0,0,0,0,0,0,0,0,0,0,0,0,0,0,0,0,0,0,0
nemcoev01w,2,0,CLE,8,2,113,34,1,9,10,8,2,5,6,9,38,13,8,5,15,3,0,0,0,0,0,0,0,0,0,0,0,0,0,0,0,0,0,0,0,0
nevescl01w,1,0,DET,30,20,636,179,8,27,35,59,31,1,55,30,166,63,30,25,92,28,0,0,0,0,0,0,0,0,0,0,0,0,0,0,0,0,0,0,0,0
nevescl01w,2,0,DET,22,15,407,95,3,26,29,34,21,0,28,21,94,34,8,8,52,19,0,0,0,0,0,0,0,0,0,0,0,0,0,0,0,0,0,0,0,0
nevescl01w,3,0,MIA,20,0,194,37,0,7,7,25,8,0,13,18,31,11,16,11,21,4,0,0,0,0,0,0,0,0,0,0,0,0,0,0,0,0,0,0,0,0
newtoch01w,7,0,CHI,27,11,648,176,19,52,71,58,36,7,40,69,155,52,80,59,49,13,0,0,0,0,0,0,0,0,0,0,0,0,0,0,0,0,0,0,0,0
newtoch01w,10,0,SAC,23,0,336,68,10,20,30,39,18,3,16,31,70,26,18,12,12,4,0,0,0,0,0,0,0,0,0,0,0,0,0,0,0,0,0,0,0,0
ngarsch01w,7,0,NYL,15,0,92,27,11,7,18,5,5,2,8,10,29,8,25,11,2,0,0,0,0,0,0,0,0,0,0,0,0,0,0,0,0,0,0,0,0,0
ngoyibe01w,3,0,NYL,7,0,12,6,1,4,5,0,0,2,0,2,5,3,0,0,0,0,0,3,0,10,8,1,2,3,0,0,0,1,2,5,3,5,2,0,0,0
ngoyibe01w,9,0,IND,31,1,226,83,20,33,53,7,6,7,31,45,63,30,32,23,0,0,0,1,0,2,0,0,1,1,0,0,0,1,0,0,0,0,0,0,0,0
nieuwma01w,6,0,LAS,7,0,16,4,2,0,2,0,0,0,2,5,3,2,0,0,0,0,0,0,0,0,0,0,0,0,0,0,0,0,0,0,0,0,0,0,0,0
nnamach01w,9,0,ATL,12,0,84,16,6,6,12,2,5,0,4,11,26,6,3,2,11,2,0,0,0,0,0,0,0,0,0,0,0,0,0,0,0,0,0,0,0,0
nolande01w,2,0,DET,27,0,545,192,16,37,53,30,17,6,35,43,194,64,53,43,73,21,0,0,0,0,0,0,0,0,0,0,0,0,0,0,0,0,0,0,0,0
nygaava01w,2,0,POR,31,0,259,76,13,22,35,10,6,2,14,48,72,28,3,1,49,19,0,0,0,0,0,0,0,0,0,0,0,0,0,0,0,0,0,0,0,0
nygaava01w,3,0,MIA,29,22,443,120,27,40,67,9,11,1,13,49,101,43,13,10,64,24,0,0,0,0,0,0,0,0,0,0,0,0,0,0,0,0,0,0,0,0
ohldeni01w,7,0,MIN,34,34,870,327,61,129,190,54,20,25,74,99,265,120,131,87,1,0,0,0,0,0,0,0,0,0,0,0,0,0,0,0,0,0,0,0,0,0
oneilkr01w,9,0,SEA,11,0,31,0,0,3,3,1,0,0,1,4,4,0,0,0,2,0,0,0,0,0,0,0,0,0,0,0,0,0,0,0,0,0,0,0,0,0
owenhe01w,1,0,WAS,11,0,60,2,2,7,9,2,0,0,3,12,4,1,0,0,0,0,0,0,0,0,0,0,0,0,0,0,0,0,0,0,0,0,0,0,0,0
owenssh01w,3,0,CHA,2,0,6,0,0,2,2,0,0,0,0,0,0,0,0,0,0,0,0,0,0,0,0,0,0,0,0,0,0,0,0,0,0,0,0,0,0,0
pageda01w,9,0,CON,3,0,12,6,2,4,6,0,0,0,2,3,5,3,0,0,0,0,0,0,0,0,0,0,0,0,0,0,0,0,0,0,0,0,0,0,0,0
pagemu01w,4,0,WAS,34,34,850,213,62,90,152,35,18,24,41,101,220,83,56,42,12,5,0,0,0,0,0,0,0,0,0,0,0,0,0,0,0,0,0,0,0,0
pagemu01w,6,0,WAS,34,4,589,108,21,62,83,25,15,9,23,56,119,47,8,8,22,6,0,0,0,0,0,0,0,0,0,0,0,0,0,0,0,0,0,0,0,0
pagemu01w,8,0,LAS,34,8,627,163,33,78,111,45,14,9,25,68,170,71,24,19,10,2,0,0,0,0,0,0,0,0,0,0,0,0,0,0,0,0,0,0,0,0
paigeyo01w,6,0,IND,13,0,78,16,2,7,9,13,2,0,6,1,22,6,4,3,5,1,0,0,0,0,0,0,0,0,0,0,0,0,0,0,0,0,0,0,0,0
paliesa01w,7,0,DET,11,0,51,12,4,0,4,6,1,1,10,9,25,5,0,0,5,2,0,0,0,0,0,0,0,0,0,0,0,0,0,0,0,0,0,0,0,0
palmewe01w,2,0,DET,22,22,651,233,38,116,154,23,23,4,48,64,215,91,59,40,33,11,0,0,0,0,0,0,0,0,0,0,0,0,0,0,0,0,0,0,0,0
palmewe01w,3,1,DET,16,16,464,184,27,69,96,20,13,2,34,44,153,65,53,35,60,19,0,0,0,0,0,0,0,0,0,0,0,0,0,0,0,0,0,0,0,0
palmewe01w,6,0,SAS,34,29,882,326,53,140,193,33,20,7,42,74,242,125,70,52,56,24,0,0,0,0,0,0,0,0,0,0,0,0,0,0,0,0,0,0,0,0
palmewe01w,7,0,SEA,5,2,120,47,13,25,38,3,5,3,10,17,33,16,19,14,3,1,0,0,0,0,0,0,0,0,0,0,0,0,0,0,0,0,0,0,0,0
parisco01w,10,0,SAC,33,6,442,160,56,78,134,22,11,10,20,48,132,68,33,24,1,0,0,0,0,0,0,0,0,0,0,0,0,0,0,0,0,0,0,0,0,0
pascafl01w,9,0,SEA,3,0,9,0,1,0,1,0,0,0,1,1,1,0,0,0,0,0,0,0,0,0,0,0,0,0,0,0,0,0,0,0,0,0,0,0,0,0
pavlimi01w,2,0,UTA,10,0,21,1,0,6,6,1,0,2,1,0,2,0,2,1,0,0,0,1,0,2,0,0,0,0,0,0,0,0,0,0,0,0,0,0,0,0
pavlimi01w,4,0,PHO,8,0,29,6,1,3,4,1,1,0,2,1,7,3,0,0,0,0,0,0,0,0,0,0,0,0,0,0,0,0,0,0,0,0,0,0,0,0
payeka01w,1,0,MIN,28,12,408,56,3,27,30,38,8,6,28,49,58,19,9,6,41,12,0,0,0,0,0,0,0,0,0,0,0,0,0,0,0,0,0,0,0,0
payeka01w,2,0,MIN,32,16,652,91,7,54,61,97,21,0,46,55,78,30,16,11,56,20,0,0,0,0,0,0,0,0,0,0,0,0,0,0,0,0,0,0,0,0
pennjo01w,4,0,WAS,30,0,288,86,19,33,52,16,15,1,20,28,78,31,33,22,13,2,0,0,0,0,0,0,0,0,0,0,0,0,0,0,0,0,0,0,0,0
pennjo01w,5,0,SAS,1,0,3,4,0,1,1,0,0,0,0,0,2,2,0,0,0,0,0,0,0,0,0,0,0,0,0,0,0,0,0,0,0,0,0,0,0,0
perkiji01w,5,0,CHA,4,0,17,3,1,2,3,1,3,0,1,2,5,0,4,3,0,0,0,0,0,0,0,0,0,0,0,0,0,0,0,0,0,0,0,0,0,0
perkiji01w,6,0,CHA,30,11,464,150,24,20,44,32,29,9,32,45,151,64,30,19,9,3,0,0,0,0,0,0,0,0,0,0,0,0,0,0,0,0,0,0,0,0
perkiji01w,7,0,CHI,30,27,841,282,33,74,107,97,43,13,56,72,299,105,67,54,65,18,0,0,0,0,0,0,0,0,0,0,0,0,0,0,0,0,0,0,0,0
pettibr01w,4,0,IND,31,0,148,49,5,14,19,8,4,1,8,17,52,15,17,13,27,6,0,0,0,0,0,0,0,0,0,0,0,0,0,0,0,0,0,0,0,0
pettibr01w,7,0,PHO,11,0,67,14,5,4,9,10,3,0,2,11,19,5,6,3,8,1,0,0,0,0,0,0,0,0,0,0,0,0,0,0,0,0,0,0,0,0
philler01w,10,0,CON,32,18,740,258,30,73,103,66,43,3,43,52,225,86,64,52,116,34,0,0,0,0,0,0,0,0,0,0,0,0,0,0,0,0,0,0,0,0
phillta01w,6,0,HOU,32,1,366,111,30,49,79,14,11,8,30,56,94,40,48,31,0,0,0,5,0,53,13,1,8,9,1,1,0,4,6,12,5,4,3,0,0,0
phillta01w,8,0,HOU,7,0,35,10,2,3,5,1,3,0,5,9,10,3,4,4,0,0,0,0,0,0,0,0,0,0,0,0,0,0,0,0,0,0,0,0,0,0
pierspl01w,10,0,DET,1,0,5,0,0,0,0,0,1,1,0,2,2,0,0,0,0,0,0,0,0,0,0,0,0,0,0,0,0,0,0,0,0,0,0,0,0,0
potthan01w,1,0,MIN,3,0,8,0,0,2,2,1,0,0,0,3,2,0,0,0,1,0,0,0,0,0,0,0,0,0,0,0,0,0,0,0,0,0,0,0,0,0
powelel01w,1,0,ORL,20,1,347,72,17,33,50,42,12,1,30,21,66,26,22,17,9,3,0,0,0,0,0,0,0,0,0,0,0,0,0,0,0,0,0,0,0,0
powelel01w,2,0,ORL,32,32,1055,357,32,66,98,98,49,7,79,64,296,119,106,80,102,39,0,0,0,0,0,0,0,0,0,0,0,0,0,0,0,0,0,0,0,0
powelel01w,3,1,ORL,15,1,308,88,7,25,32,30,20,4,30,31,99,35,26,16,11,2,0,0,0,0,0,0,0,0,0,0,0,0,0,0,0,0,0,0,0,0
powelel01w,7,1,CHI,14,3,251,69,7,18,25,37,13,3,26,26,60,26,24,17,3,0,0,0,0,0,0,0,0,0,0,0,0,0,0,0,0,0,0,0,0,0
powelni01w,5,0,CHA,31,0,384,132,10,61,71,16,15,4,22,37,121,50,10,8,58,24,0,0,0,0,0,0,0,0,0,0,0,0,0,0,0,0,0,0,0,0
pricear01w,10,1,CHI,22,0,324,77,25,34,59,26,12,1,18,32,70,27,40,23,0,0,0,0,0,0,0,0,0,0,0,0,0,0,0,0,0,0,0,0,0,0
pridely01w,4,1,MIN,13,0,66,17,8,9,17,1,3,1,8,11,14,7,4,3,0,0,0,0,0,0,0,0,0,0,0,0,0,0,0,0,0,0,0,0,0,0
pringla01w,10,0,MIN,17,0,159,37,14,23,37,8,3,14,14,22,30,13,15,11,0,0,0,0,0,0,0,0,0,0,0,0,0,0,0,0,0,0,0,0,0,0
queenbr01w,7,0,CON,4,0,10,2,0,0,0,0,0,0,1,0,1,0,2,2,0,0,0,0,0,0,0,0,0,0,0,0,0,0,0,0,0,0,0,0,0,0
queenbr01w,9,0,CHI,8,0,36,2,1,3,4,2,0,0,5,5,8,1,0,0,2,0,0,0,0,0,0,0,0,0,0,0,0,0,0,0,0,0,0,0,0,0
quiglal01w,9,0,PHO,14,0,100,29,6,5,11,4,6,1,6,9,39,13,2,1,11,2,0,0,0,0,0,0,0,0,0,0,0,0,0,0,0,0,0,0,0,0
quiglal01w,10,0,PHO,6,0,32,10,1,4,5,1,0,0,5,6,8,3,2,2,4,2,0,0,0,0,0,0,0,0,0,0,0,0,0,0,0,0,0,0,0,0
quinnno01w,9,0,MIN,32,25,533,116,12,57,69,81,21,2,46,33,118,47,18,12,32,10,0,0,0,0,0,0,0,0,0,0,0,0,0,0,0,0,0,0,0,0
quinnte01w,1,0,IND,17,0,118,15,11,5,16,15,4,0,10,12,14,6,5,3,0,0,0,0,0,0,0,0,0,0,0,0,0,0,0,0,0,0,0,0,0,0
radunha01w,2,0,NYL,4,0,9,4,1,3,4,0,0,1,2,3,2,1,2,2,0,0,0,0,0,0,0,0,0,0,0,0,0,0,0,0,0,0,0,0,0,0
raglafe01w,4,0,PHO,3,0,39,5,0,2,2,2,2,0,3,4,12,1,2,2,5,1,0,0,0,0,0,0,0,0,0,0,0,0,0,0,0,0,0,0,0,0
raglafe01w,5,0,HOU,34,10,517,118,19,48,67,38,25,3,32,48,120,44,13,11,49,19,0,0,0,0,0,0,0,0,0,0,0,0,0,0,0,0,0,0,0,0
raglafe01w,6,0,HOU,4,0,9,0,0,0,0,1,0,0,0,3,1,0,0,0,0,0,0,0,0,0,0,0,0,0,0,0,0,0,0,0,0,0,0,0,0,0
randase01w,2,0,SEA,32,30,884,300,32,73,105,44,29,4,73,45,315,117,100,66,4,0,0,0,0,0,0,0,0,0,0,0,0,0,0,0,0,0,0,0,0,0
randase01w,3,1,SEA,21,16,458,134,38,30,68,29,20,1,36,33,133,47,51,36,19,4,0,0,0,0,0,0,0,0,0,0,0,0,0,0,0,0,0,0,0,0
randase01w,4,0,SAS,33,1,339,88,25,28,53,23,11,0,44,41,90,32,45,24,1,0,0,0,0,0,0,0,0,0,0,0,0,0,0,0,0,0,0,0,0,0
randase01w,5,0,SAS,29,8,462,136,26,34,60,20,22,4,28,41,143,53,48,30,5,0,0,0,0,0,0,0,0,0,0,0,0,0,0,0,0,0,0,0,0,0
rasmukr01w,1,1,UTA,1,0,9,0,1,1,2,1,1,0,1,2,0,0,0,0,0,0,0,0,0,0,0,0,0,0,0,0,0,0,0,0,0,0,0,0,0,0
rasmukr01w,2,0,MIA,28,3,416,75,33,55,88,16,11,14,31,48,86,31,16,12,4,1,0,3,0,23,1,3,3,6,0,1,0,6,1,5,0,2,1,0,0,0
rasmukr01w,3,0,MIA,31,5,674,170,41,76,117,41,18,16,37,63,116,64,46,39,7,3,0,0,0,0,0,0,0,0,0,0,0,0,0,0,0,0,0,0,0,0
rasmukr01w,4,0,IND,33,25,814,226,44,71,115,64,24,15,48,65,200,94,39,31,15,7,0,0,0,0,0,0,0,0,0,0,0,0,0,0,0,0,0,0,0,0
rasmukr01w,5,0,IND,33,4,692,152,41,72,113,47,21,14,35,51,135,56,38,30,27,10,0,0,0,0,0,0,0,0,0,0,0,0,0,0,0,0,0,0,0,0
rasmukr01w,6,1,HOU,24,19,522,121,26,50,76,22,13,16,19,56,98,47,30,22,15,5,0,0,0,0,0,0,0,0,0,0,0,0,0,0,0,0,0,0,0,0
rasmukr01w,9,0,MIN,31,0,393,79,32,53,85,27,12,6,19,48,72,27,23,17,23,8,0,0,0,0,0,0,0,0,0,0,0,0,0,0,0,0,0,0,0,0
raymost01w,8,0,CHI,20,0,180,61,2,12,14,27,4,0,18,11,61,20,13,7,44,14,0,0,0,0,0,0,0,0,0,0,0,0,0,0,0,0,0,0,0,0
reddja01w,1,0,SEA,26,8,387,140,18,27,45,16,19,1,35,53,125,49,34,24,52,18,0,0,0,0,0,0,0,0,0,0,0,0,0,0,0,0,0,0,0,0
reddja01w,2,0,SEA,32,6,659,231,29,53,82,48,17,3,48,101,216,82,66,45,77,22,0,0,0,0,0,0,0,0,0,0,0,0,0,0,0,0,0,0,0,0
reddja01w,3,0,SEA,10,0,112,52,8,5,13,7,2,0,7,17,34,17,12,9,18,9,0,0,0,0,0,0,0,0,0,0,0,0,0,0,0,0,0,0,0,0
reedbr01w,2,0,PHO,1,0,13,3,0,3,3,0,0,0,0,0,8,1,1,1,0,0,0,0,0,0,0,0,0,0,0,0,0,0,0,0,0,0,0,0,0,0
reedbr01w,3,0,PHO,5,4,85,38,1,3,4,4,2,3,8,8,41,15,11,8,5,0,0,0,0,0,0,0,0,0,0,0,0,0,0,0,0,0,0,0,0,0
reidtr01w,2,0,MIA,21,2,278,80,10,27,37,13,15,5,25,28,63,32,26,16,0,0,0,3,0,21,4,1,4,5,1,1,0,2,1,5,2,4,0,0,0,0
reidtr01w,3,0,PHO,24,12,421,113,33,44,77,14,22,2,36,29,117,48,28,17,1,0,0,0,0,0,0,0,0,0,0,0,0,0,0,0,0,0,0,0,0,0
reidtr01w,4,0,PHO,2,0,12,2,1,0,1,1,2,0,1,4,3,1,0,0,0,0,0,0,0,0,0,0,0,0,0,0,0,0,0,0,0,0,0,0,0,0
rizzoje01w,1,0,HOU,32,2,437,60,6,30,36,44,15,2,26,38,55,21,9,6,39,12,0,1,0,3,0,0,0,0,0,0,0,0,0,1,0,0,0,1,0,0
robinas01w,5,0,PHO,19,0,130,17,4,9,13,2,8,10,4,22,14,7,7,3,1,0,0,0,0,0,0,0,0,0,0,0,0,0,0,0,0,0,0,0,0,0
robinas01w,7,1,CHI,12,5,124,21,16,18,34,6,2,8,10,19,29,9,6,2,1,1,0,0,0,0,0,0,0,0,0,0,0,0,0,0,0,0,0,0,0,0
robincr01w,8,0,WAS,2,1,34,2,0,2,2,2,2,1,1,4,6,1,0,0,2,0,0,0,0,0,0,0,0,0,0,0,0,0,0,0,0,0,0,0,0,0
robinre01w,1,0,WAS,2,0,5,4,0,0,0,0,1,0,1,3,1,0,4,4,1,0,0,0,0,0,0,0,0,0,0,0,0,0,0,0,0,0,0,0,0,0
rossad01w,9,0,SAS,4,0,7,2,0,1,1,0,0,0,0,2,2,0,2,2,0,0,0,2,0,3,0,0,0,0,1,0,0,0,1,0,0,0,0,0,0,0
rushle01w,9,0,CHI,2,0,12,3,0,0,0,0,0,0,2,4,2,0,4,3,1,0,0,0,0,0,0,0,0,0,0,0,0,0,0,0,0,0,0,0,0,0
salesny01w,3,0,ORL,32,32,1042,431,36,84,120,60,60,7,71,97,376,155,106,84,115,37,0,0,0,0,0,0,0,0,0,0,0,0,0,0,0,0,0,0,0,0
sampsch01w,1,0,SEA,21,6,280,76,13,27,40,11,18,6,14,37,46,21,28,25,23,9,0,0,0,0,0,0,0,0,0,0,0,0,0,0,0,0,0,0,0,0
samsh01w,1,0,MIA,31,27,904,396,38,94,132,66,35,5,74,67,380,147,100,67,120,35,0,0,0,0,0,0,0,0,0,0,0,0,0,0,0,0,0,0,0,0
samsh01w,7,0,CHA,34,34,990,359,53,119,172,90,55,3,73,78,343,137,102,64,78,21,0,0,0,0,0,0,0,0,0,0,0,0,0,0,0,0,0,0,0,0
samsh01w,9,0,DET,32,15,478,92,29,62,91,38,19,3,31,36,110,34,26,18,21,6,0,6,0,30,6,1,2,3,0,1,0,0,2,7,2,2,2,0,0,0
sanchis01w,5,0,DET,10,0,62,22,3,2,5,3,2,0,11,6,14,6,11,8,5,2,0,0,0,0,0,0,0,0,0,0,0,0,0,0,0,0,0,0,0,0
sandeam01w,8,0,DET,6,0,9,2,0,2,2,0,0,0,2,3,2,0,4,2,0,0,0,0,0,0,0,0,0,0,0,0,0,0,0,0,0,0,0,0,0,0
sanfona01w,4,0,WAS,17,0,134,49,10,16,26,1,3,2,14,35,40,20,20,9,0,0,0,0,0,0,0,0,0,0,0,0,0,0,0,0,0,0,0,0,0,0
sanfona01w,6,0,WAS,27,0,293,88,15,30,45,6,10,11,17,50,60,29,62,30,0,0,0,0,0,0,0,0,0,0,0,0,0,0,0,0,0,0,0,0,0,0
santoal01w,1,0,IND,3,0,11,3,0,3,3,0,0,0,2,3,1,1,6,1,0,0,0,0,0,0,0,0,0,0,0,0,0,0,0,0,0,0,0,0,0,0
santoal01w,2,0,SEA,10,1,62,13,10,6,16,0,0,0,3,12,14,4,11,5,0,0,0,0,0,0,0,0,0,0,0,0,0,0,0,0,0,0,0,0,0,0
santoke01w,2,0,DET,14,0,153,52,11,16,27,5,3,3,12,23,42,20,18,12,1,0,0,0,0,0,0,0,0,0,0,0,0,0,0,0,0,0,0,0,0,0
santoke01w,3,0,DET,12,0,169,44,12,20,32,7,3,9,14,20,42,16,20,12,0,0,0,0,0,0,0,0,0,0,0,0,0,0,0,0,0,0,0,0,0,0
santoke01w,9,0,SEA,22,1,134,47,10,18,28,5,4,2,10,26,41,16,23,15,0,0,0,2,0,2,2,0,0,0,0,0,0,0,0,2,1,0,0,0,0,0
sarenra01w,1,0,PHO,20,0,142,64,11,19,30,8,0,1,17,30,44,23,27,17,1,1,0,0,0,0,0,0,0,0,0,0,0,0,0,0,0,0,0,0,0,0
sauerpa01w,1,0,LAS,12,0,66,20,3,13,16,3,2,1,6,10,14,8,5,4,0,0,0,1,0,2,0,0,1,1,0,0,0,0,1,0,0,0,0,0,0,0
sauerpa01w,2,0,CLE,2,0,4,2,1,1,2,0,0,1,1,1,3,1,0,0,0,0,0,1,0,4,2,0,1,1,0,0,0,1,0,3,1,0,0,0,0,0
sauerpa01w,3,0,CLE,1,0,7,0,1,1,2,0,1,0,1,0,3,0,0,0,0,0,0,0,0,0,0,0,0,0,0,0,0,0,0,0,0,0,0,0,0,0
saundja01w,2,0,PHO,28,6,253,68,13,27,40,7,10,8,14,28,77,25,25,17,3,1,0,0,0,0,0,0,0,0,0,0,0,0,0,0,0,0,0,0,0,0
saundja01w,3,0,PHO,27,1,302,99,10,28,38,23,9,4,20,23,103,39,32,21,4,0,0,0,0,0,0,0,0,0,0,0,0,0,0,0,0,0,0,0,0,0
saureau01w,2,0,WAS,25,3,455,76,11,31,42,43,24,4,41,39,111,33,24,7,26,3,0,0,0,0,0,0,0,0,0,0,0,0,0,0,0,0,0,0,0,0
saureau01w,3,0,WAS,15,2,165,24,3,8,11,18,8,2,15,12,24,10,5,3,5,1,0,0,0,0,0,0,0,0,0,0,0,0,0,0,0,0,0,0,0,0
schumke01w,4,0,IND,34,1,480,189,40,59,99,20,7,24,32,63,169,81,27,23,9,4,0,0,0,0,0,0,0,0,0,0,0,0,0,0,0,0,0,0,0,0
schumke01w,10,0,DET,1,0,10,0,0,0,0,0,0,1,0,2,0,0,0,0,0,0,0,0,0,0,0,0,0,0,0,0,0,0,0,0,0,0,0,0,0,0
schwege01w,4,0,MIN,16,0,118,15,7,11,18,7,3,1,8,6,17,6,0,0,9,3,0,0,0,0,0,0,0,0,0,0,0,0,0,0,0,0,0,0,0,0
scottol01w,5,0,CHA,34,0,398,73,28,37,65,10,9,13,36,78,67,27,32,19,1,0,0,0,0,0,0,0,0,0,0,0,0,0,0,0,0,0,0,0,0,0
scottol01w,7,0,IND,21,0,159,50,8,25,33,7,7,2,15,29,53,23,8,4,1,0,0,2,0,26,10,3,2,5,0,1,0,3,5,9,5,0,0,1,0,0
scottol01w,8,0,PHO,8,0,32,8,2,2,4,2,3,1,3,6,7,1,8,6,0,0,0,1,0,2,0,0,0,0,0,0,0,0,0,1,0,0,0,0,0,0
shakiel01w,1,0,HOU,14,0,150,57,14,17,31,4,5,2,7,12,30,13,33,29,12,2,0,0,0,0,0,0,0,0,0,0,0,0,0,0,0,0,0,0,0,0
shakiel01w,2,0,HOU,26,2,203,38,15,20,35,9,6,2,9,11,38,12,23,14,7,0,0,1,0,1,0,0,0,0,0,0,0,0,0,0,0,0,0,0,0,0
shakiel01w,3,0,CHA,1,0,5,1,1,0,1,0,1,0,0,0,0,0,2,1,0,0,0,0,0,0,0,0,0,0,0,0,0,0,0,0,0,0,0,0,0,0
sharpkb01w,4,0,NYL,30,0,398,94,11,21,32,37,14,0,26,15,71,28,39,31,24,7,0,0,0,0,0,0,0,0,0,0,0,0,0,0,0,0,0,0,0,0
sharpkb01w,7,0,IND,23,0,155,22,3,6,9,23,7,0,8,3,35,8,3,3,15,3,0,0,0,0,0,0,0,0,0,0,0,0,0,0,0,0,0,0,0,0
sharpkb01w,9,0,CHI,34,6,598,106,7,38,45,49,14,0,31,27,90,39,29,19,28,9,0,0,0,0,0,0,0,0,0,0,0,0,0,0,0,0,0,0,0,0
sharpkb01w,10,0,CHI,27,0,325,70,3,17,20,25,8,2,23,15,57,23,19,18,17,6,0,0,0,0,0,0,0,0,0,0,0,0,0,0,0,0,0,0,0,0
shielas01w,8,0,HOU,26,0,304,137,14,19,33,20,10,1,44,25,138,38,73,54,18,7,0,0,0,0,0,0,0,0,0,0,0,0,0,0,0,0,0,0,0,0
shielas01w,9,1,HOU,3,0,12,2,0,0,0,1,1,0,1,3,7,0,4,2,2,0,0,0,0,0,0,0,0,0,0,0,0,0,0,0,0,0,0,0,0,0
slaisma01w,1,0,DET,3,0,7,4,0,1,1,0,1,0,0,0,2,0,4,4,1,0,0,0,0,0,0,0,0,0,0,0,0,0,0,0,0,0,0,0,0,0
slauggw01w,5,0,MIN,3,0,7,2,0,1,1,0,0,1,0,0,1,0,2,2,0,0,0,0,0,0,0,0,0,0,0,0,0,0,0,0,0,0,0,0,0,0
slavtge01w,4,0,PHO,2,0,12,0,0,0,0,1,0,0,1,2,2,0,0,0,2,0,0,0,0,0,0,0,0,0,0,0,0,0,0,0,0,0,0,0,0,0
smithai01w,4,0,WAS,31,2,422,104,21,44,65,10,11,9,26,44,120,41,34,17,34,5,0,0,0,0,0,0,0,0,0,0,0,0,0,0,0,0,0,0,0,0
smithbr01w,9,0,PHO,10,0,134,41,10,26,36,9,2,3,9,29,28,16,13,9,0,0,0,0,0,0,0,0,0,0,0,0,0,0,0,0,0,0,0,0,0,0
smithbr01w,10,0,PHO,21,0,144,21,11,24,35,3,2,3,7,30,15,7,8,7,0,0,0,1,0,6,4,0,0,0,0,1,0,0,1,2,2,0,0,0,0,0
smithch02w,4,0,CHA,27,9,443,95,23,37,60,18,10,2,24,54,98,31,36,24,32,9,0,2,0,7,2,1,0,1,1,0,0,0,0,1,1,0,0,0,0,0
smithch02w,6,0,WAS,34,34,1036,246,34,94,128,71,22,11,46,93,190,87,46,30,100,42,0,0,0,0,0,0,0,0,0,0,0,0,0,0,0,0,0,0,0,0
smithch02w,7,0,IND,18,2,173,35,9,15,24,7,3,1,13,21,39,12,4,3,22,8,0,1,0,1,0,0,0,0,0,0,0,0,0,0,0,0,0,0,0,0
smithch03w,1,0,SEA,32,3,516,52,14,33,47,53,16,3,32,52,56,16,18,10,32,10,0,0,0,0,0,0,0,0,0,0,0,0,0,0,0,0,0,0,0,0
smithch03w,2,0,SEA,32,8,589,58,18,37,55,39,17,1,26,52,63,17,21,13,38,11,0,0,0,0,0,0,0,0,0,0,0,0,0,0,0,0,0,0,0,0
smithch03w,4,0,PHO,4,0,17,0,1,3,4,1,0,0,0,2,2,0,0,0,2,0,0,0,0,0,0,0,0,0,0,0,0,0,0,0,0,0,0,0,0,0
smithcr01w,7,0,PHO,23,0,197,60,4,18,22,22,17,0,18,24,47,21,12,11,19,7,0,0,0,0,0,0,0,0,0,0,0,0,0,0,0,0,0,0,0,0
smithcr01w,8,0,HOU,27,23,683,170,12,41,53,72,34,3,56,50,156,62,21,19,70,27,0,0,0,0,0,0,0,0,0,0,0,0,0,0,0,0,0,0,0,0
smithcr01w,9,1,MIN,1,0,0,0,0,0,0,0,0,0,0,0,0,0,0,0,0,0,0,0,0,0,0,0,0,0,0,0,0,0,0,0,0,0,0,0,0,0
smithje01w,6,0,NYL,2,0,7,0,0,0,0,0,0,0,0,0,1,0,0,0,0,0,0,0,0,0,0,0,0,0,0,0,0,0,0,0,0,0,0,0,0,0
smithka01w,6,1,MIN,23,23,766,306,12,43,55,61,25,2,54,46,261,100,90,71,104,35,0,0,0,0,0,0,0,0,0,0,0,0,0,0,0,0,0,0,0,0
smithki01w,8,0,SAC,3,0,6,0,0,2,2,0,0,0,1,1,0,0,0,0,0,0,0,0,0,0,0,0,0,0,0,0,0,0,0,0,0,0,0,0,0,0
smithki01w,9,0,SAC,21,0,143,33,5,9,14,5,7,2,9,22,47,12,12,8,12,1,0,0,0,0,0,0,0,0,0,0,0,0,0,0,0,0,0,0,0,0
smithla01w,1,0,ORL,3,0,12,5,1,1,2,1,2,0,2,2,3,2,1,1,1,0,0,1,0,1,0,0,0,0,0,0,0,0,0,0,0,0,0,0,0,0
smithty01w,8,0,DET,1,0,7,1,1,1,2,0,1,0,0,0,2,0,2,1,0,0,0,1,0,0,0,0,0,0,0,0,0,0,0,0,0,0,0,0,0,0
smithwa01w,9,0,DET,1,0,0,0,0,0,0,0,0,0,0,0,0,0,0,0,0,0,0,0,0,0,0,0,0,0,0,0,0,0,0,0,0,0,0,0,0,0
snellbe01w,6,0,PHO,20,0,226,65,19,17,36,18,7,1,11,31,55,19,18,16,37,11,0,0,0,0,0,0,0,0,0,0,0,0,0,0,0,0,0,0,0,0
snellbe01w,7,0,PHO,30,0,250,100,11,28,39,19,15,3,17,28,90,35,10,10,63,20,0,0,0,0,0,0,0,0,0,0,0,0,0,0,0,0,0,0,0,0
spencsi01w,10,0,NYL,33,0,340,99,7,31,38,15,6,1,9,24,88,34,9,9,57,22,0,0,0,0,0,0,0,0,0,0,0,0,0,0,0,0,0,0,0,0
spornra01w,2,0,DET,23,1,265,41,21,31,52,11,7,4,13,16,47,19,9,3,0,0,0,0,0,0,0,0,0,0,0,0,0,0,0,0,0,0,0,0,0,0
stafftr01w,3,0,MIA,6,0,38,8,3,3,6,2,1,0,6,5,6,1,8,6,0,0,0,0,0,0,0,0,0,0,0,0,0,0,0,0,0,0,0,0,0,0
staleda01w,6,1,CHA,23,23,684,146,7,46,53,121,30,0,42,47,131,53,30,23,42,17,0,0,0,0,0,0,0,0,0,0,0,0,0,0,0,0,0,0,0,0
stansti01w,8,0,MIN,30,14,437,130,50,80,130,15,13,11,29,78,120,55,39,20,0,0,0,0,0,0,0,0,0,0,0,0,0,0,0,0,0,0,0,0,0,0
starbka01w,1,0,UTA,29,0,340,117,12,21,33,30,13,11,29,32,109,39,42,34,23,5,0,0,0,0,0,0,0,0,0,0,0,0,0,0,0,0,0,0,0,0
starbka01w,2,0,UTA,23,7,310,109,13,17,30,21,8,1,15,30,110,41,27,22,23,5,0,1,0,2,0,0,0,0,0,0,0,0,0,1,0,0,0,1,0,0
starbka01w,3,1,UTA,15,0,88,26,0,7,7,7,9,4,2,16,25,10,7,4,8,2,0,0,0,0,0,0,0,0,0,0,0,0,0,0,0,0,0,0,0,0
starbka01w,5,0,IND,12,0,117,20,6,3,9,11,6,0,9,7,23,6,6,5,10,3,0,0,0,0,0,0,0,0,0,0,0,0,0,0,0,0,0,0,0,0
stedika01w,1,0,SAC,29,0,309,91,11,28,39,14,11,10,17,22,95,36,7,2,53,17,0,2,0,10,0,1,0,1,1,0,0,2,0,2,0,0,0,2,0,0
stephst01w,5,0,DET,7,1,36,4,2,7,9,3,0,0,2,7,6,2,2,0,0,0,0,0,0,0,0,0,0,0,0,0,0,0,0,0,0,0,0,0,0,0
stevema01w,5,0,SAS,29,0,259,38,11,24,35,5,6,4,11,32,45,15,8,7,1,1,0,0,0,0,0,0,0,0,0,0,0,0,0,0,0,0,0,0,0,0
stevema01w,6,0,SEA,4,1,53,6,2,4,6,1,2,0,4,3,12,3,0,0,1,0,0,0,0,0,0,0,0,0,0,0,0,0,0,0,0,0,0,0,0,0
stevema01w,7,0,PHO,2,0,18,3,1,1,2,0,1,1,2,3,5,1,0,0,1,1,0,0,0,0,0,0,0,0,0,0,0,0,0,0,0,0,0,0,0,0
stileja01w,3,0,POR,21,3,382,125,7,11,18,20,4,0,21,38,135,43,30,24,44,15,0,0,0,0,0,0,0,0,0,0,0,0,0,0,0,0,0,0,0,0
stinsan01w,1,0,CHA,32,32,1123,565,35,101,136,121,55,23,86,77,463,214,134,99,106,38,0,0,0,0,0,0,0,0,0,0,0,0,0,0,0,0,0,0,0,0
stinsan01w,6,0,DET,18,1,102,22,6,6,12,13,3,0,4,6,23,8,6,4,10,2,0,0,0,0,0,0,0,0,0,0,0,0,0,0,0,0,0,0,0,0
stiresh01w,1,0,MIN,21,0,117,35,6,8,14,7,6,0,14,22,29,13,6,4,10,5,0,0,0,0,0,0,0,0,0,0,0,0,0,0,0,0,0,0,0,0
stiresh01w,2,0,MIN,18,5,201,51,10,17,27,14,8,4,19,26,53,20,7,5,25,6,0,0,0,0,0,0,0,0,0,0,0,0,0,0,0,0,0,0,0,0
stiresh01w,3,0,MIN,9,0,22,6,4,2,6,1,0,1,2,3,4,2,2,1,2,1,0,0,0,0,0,0,0,0,0,0,0,0,0,0,0,0,0,0,0,0
stockta01w,2,0,WAS,3,0,11,3,0,2,2,0,0,0,0,3,3,1,2,1,0,0,0,0,0,0,0,0,0,0,0,0,0,0,0,0,0,0,0,0,0,0
strotan01w,7,0,PHO,8,0,39,16,2,3,5,2,1,2,0,3,14,6,0,0,10,4,0,0,0,0,0,0,0,0,0,0,0,0,0,0,0,0,0,0,0,0
strotan01w,9,0,ATL,21,0,160,39,5,8,13,7,5,3,3,17,34,12,12,8,19,7,0,0,0,0,0,0,0,0,0,0,0,0,0,0,0,0,0,0,0,0
summela01w,6,0,CON,11,0,43,10,5,5,10,3,2,0,4,11,9,3,5,4,0,0,0,2,0,2,0,0,0,0,0,0,0,0,0,0,0,0,0,0,0,0
summela01w,7,0,CON,33,3,359,83,12,24,36,19,3,2,20,38,74,32,27,16,15,3,0,2,0,7,2,0,1,1,0,0,0,0,0,2,1,0,0,0,0,0
sun-mju01w,4,0,SEA,17,0,118,30,1,9,10,1,5,0,5,13,32,13,4,4,7,0,0,0,0,0,0,0,0,0,0,0,0,0,0,0,0,0,0,0,0,0
swanike01w,9,0,CON,25,6,231,41,5,24,29,26,14,1,20,17,47,13,10,8,30,7,0,0,0,0,0,0,0,0,0,0,0,0,0,0,0,0,0,0,0,0
swoopsh01w,5,0,HOU,31,31,1070,459,38,115,153,91,47,16,59,56,429,181,90,77,65,20,0,0,0,0,0,0,0,0,0,0,0,0,0,0,0,0,0,0,0,0
swoopsh01w,8,0,HOU,3,3,106,23,3,14,17,11,5,1,9,3,25,9,4,4,7,1,0,0,0,0,0,0,0,0,0,0,0,0,0,0,0,0,0,0,0,0
tateso01w,1,0,MIN,8,0,94,27,6,7,13,5,3,0,7,13,22,10,2,1,11,6,0,0,0,0,0,0,0,0,0,0,0,0,0,0,0,0,0,0,0,0
tayloli01w,5,0,PHO,5,0,26,3,0,3,3,2,1,1,1,7,5,1,0,0,3,1,0,0,0,0,0,0,0,0,0,0,0,0,0,0,0,0,0,0,0,0
taylope01w,3,0,CLE,30,26,908,391,51,107,158,68,37,11,58,66,320,133,102,87,111,38,0,0,0,0,0,0,0,0,0,0,0,0,0,0,0,0,0,0,0,0
teaslni01w,8,0,WAS,33,33,746,172,19,54,73,109,23,6,62,80,152,51,45,42,85,28,0,0,0,0,0,0,0,0,0,0,0,0,0,0,0,0,0,0,0,0
teaslni01w,10,1,ATL,10,10,234,39,2,15,17,35,9,1,12,28,30,12,10,8,17,7,0,0,0,0,0,0,0,0,0,0,0,0,0,0,0,0,0,0,0,0
teilaza01w,7,0,WAS,16,0,105,29,11,16,27,1,3,3,4,18,26,14,2,1,0,0,0,2,0,4,0,0,0,0,0,0,0,0,0,1,0,0,0,0,0,0
terryka01w,7,0,IND,10,0,53,23,4,10,14,0,0,3,8,14,19,11,5,1,0,0,0,0,0,0,0,0,0,0,0,0,0,0,0,0,0,0,0,0,0,0
terryka01w,9,1,IND,2,0,24,2,1,4,5,2,0,0,6,3,5,1,0,0,0,0,0,0,0,0,0,0,0,0,0,0,0,0,0,0,0,0,0,0,0,0
thomaca01w,8,0,CHI,17,0,122,43,11,17,28,3,1,4,7,22,38,15,14,13,1,0,0,0,0,0,0,0,0,0,0,0,0,0,0,0,0,0,0,0,0,0
thomach01w,9,0,LAS,20,0,159,29,10,30,40,6,2,8,8,33,34,12,8,4,6,1,0,0,0,0,0,0,0,0,0,0,0,0,0,0,0,0,0,0,0,0
thomach01w,10,0,MIN,11,0,66,3,5,10,15,3,3,5,6,15,21,1,2,1,7,0,0,0,0,0,0,0,0,0,0,0,0,0,0,0,0,0,0,0,0,0
thomala01w,6,0,SAS,21,12,505,185,18,50,68,22,7,8,33,42,161,69,49,44,7,3,0,0,0,0,0,0,0,0,0,0,0,0,0,0,0,0,0,0,0,0
thomala01w,8,0,LAS,27,7,487,208,27,34,61,32,9,7,29,63,174,77,46,38,38,16,0,0,0,0,0,0,0,0,0,0,0,0,0,0,0,0,0,0,0,0
thomala01w,9,1,DET,7,0,40,8,2,3,5,1,1,1,2,3,15,4,0,0,2,0,0,0,0,0,0,0,0,0,0,0,0,0,0,0,0,0,0,0,0,0
thomast01w,2,0,POR,32,1,413,59,31,39,70,41,30,10,40,57,60,22,35,15,7,0,0,0,0,0,0,0,0,0,0,0,0,0,0,0,0,0,0,0,0,0
thomast01w,3,0,POR,32,6,621,143,34,60,94,67,42,12,36,62,148,51,61,31,39,10,0,0,0,0,0,0,0,0,0,0,0,0,0,0,0,0,0,0,0,0
thomast01w,4,1,PHO,19,1,187,46,10,17,27,10,11,8,10,14,46,15,16,10,22,6,0,0,0,0,0,0,0,0,0,0,0,0,0,0,0,0,0,0,0,0
thomast01w,6,1,DET,17,0,133,12,10,10,20,8,8,3,3,15,12,2,20,8,1,0,0,0,0,0,0,0,0,0,0,0,0,0,0,0,0,0,0,0,0,0
thompal01w,2,0,IND,22,7,381,186,21,42,63,25,9,7,22,24,174,76,23,17,43,17,0,0,0,0,0,0,0,0,0,0,0,0,0,0,0,0,0,0,0,0
thompal01w,3,0,IND,18,2,314,97,12,30,42,14,7,2,18,20,109,39,17,12,29,7,0,1,0,2,2,0,0,0,0,0,0,0,0,1,1,0,0,0,0,0
thompal01w,6,0,SEA,30,1,329,83,10,35,45,14,4,4,18,17,81,32,16,12,22,7,0,1,0,10,2,0,3,3,0,0,0,0,0,4,1,0,0,1,0,0
thompti01w,5,0,HOU,26,26,943,520,44,113,157,48,22,23,70,68,448,180,147,116,108,44,0,0,0,0,0,0,0,0,0,0,0,0,0,0,0,0,0,0,0,0
thorbsh01w,7,0,MIN,22,0,141,16,4,14,18,19,4,2,14,11,27,5,8,5,8,1,0,0,0,0,0,0,0,0,0,0,0,0,0,0,0,0,0,0,0,0
thorbsh01w,8,0,SEA,2,0,8,2,0,1,1,0,0,0,2,0,2,1,0,0,0,0,0,0,0,0,0,0,0,0,0,0,0,0,0,0,0,0,0,0,0,0
thorner01w,4,0,NYL,23,0,181,44,3,8,11,16,4,1,13,8,42,13,10,10,33,8,0,0,0,0,0,0,0,0,0,0,0,0,0,0,0,0,0,0,0,0
thorner01w,6,0,NYL,21,0,203,56,4,10,14,13,4,0,7,12,54,21,4,4,29,10,0,2,0,10,2,0,0,0,0,0,0,0,1,2,1,0,0,0,0,0
thorner01w,7,0,NYL,27,1,378,166,9,29,38,33,6,1,21,22,132,55,31,28,65,28,0,0,0,0,0,0,0,0,0,0,0,0,0,0,0,0,0,0,0,0
thorner01w,10,0,CHI,34,0,577,211,13,40,53,53,20,0,31,32,170,72,33,30,92,37,0,0,0,0,0,0,0,0,0,0,0,0,0,0,0,0,0,0,0,0
tilliic01w,5,0,DET,31,1,287,83,13,26,39,13,9,8,23,23,74,35,12,7,18,6,0,3,0,18,2,0,1,1,1,0,0,1,3,1,1,0,0,0,0,0
tilliic01w,8,1,LAS,3,0,8,0,0,1,1,0,0,0,4,3,2,0,0,0,0,0,0,0,0,0,0,0,0,0,0,0,0,0,0,0,0,0,0,0,0,0
timmsmi01w,1,0,PHO,8,8,176,30,2,14,16,18,15,2,18,22,30,11,4,4,17,4,0,0,0,0,0,0,0,0,0,0,0,0,0,0,0,0,0,0,0,0
timmsmi01w,2,0,PHO,21,18,408,98,11,34,45,87,21,2,42,42,110,38,10,8,46,14,0,0,0,0,0,0,0,0,0,0,0,0,0,0,0,0,0,0,0,0
tolivkr01w,10,0,CHI,27,0,386,205,6,31,37,51,10,3,44,33,159,72,23,21,90,40,0,0,0,0,0,0,0,0,0,0,0,0,0,0,0,0,0,0,0,0
torniel01w,1,0,DET,32,32,869,330,41,69,110,82,29,13,68,73,241,122,93,85,8,1,0,0,0,0,0,0,0,0,0,0,0,0,0,0,0,0,0,0,0,0
torniel01w,2,0,DET,32,32,777,307,28,49,77,56,19,14,59,59,249,111,71,63,49,22,0,0,0,0,0,0,0,0,0,0,0,0,0,0,0,0,0,0,0,0
torrele01w,2,0,MIA,2,0,8,0,0,0,0,0,0,0,2,0,0,0,0,0,0,0,0,2,0,3,2,0,2,2,0,0,0,1,0,0,0,2,2,0,0,0
traviti01w,1,0,CHA,32,12,574,173,24,57,81,26,31,4,32,74,158,70,28,21,25,12,0,0,0,0,0,0,0,0,0,0,0,0,0,0,0,0,0,0,0,0
tremich01w,1,0,IND,25,3,318,50,6,25,31,51,10,1,30,30,51,18,16,10,9,4,0,0,0,0,0,0,0,0,0,0,0,0,0,0,0,0,0,0,0,0
turneba01w,8,0,HOU,22,2,263,92,9,33,42,20,8,4,21,25,72,29,41,27,30,7,0,0,0,0,0,0,0,0,0,0,0,0,0,0,0,0,0,0,0,0
turneba01w,10,0,CON,7,0,144,28,4,11,15,14,5,0,4,12,39,8,10,8,25,4,0,0,0,0,0,0,0,0,0,0,0,0,0,0,0,0,0,0,0,0
tuvicsl01w,2,0,PHO,30,0,325,54,18,45,63,17,16,17,28,49,42,13,59,28,0,0,0,0,0,0,0,0,0,0,0,0,0,0,0,0,0,0,0,0,0,0
tuvicsl01w,3,0,PHO,26,1,320,86,11,52,63,11,9,9,31,53,77,30,32,25,6,1,0,0,0,0,0,0,0,0,0,0,0,0,0,0,0,0,0,0,0,0
udokamf01w,4,0,HOU,25,3,251,80,22,29,51,4,4,2,21,38,64,32,23,16,1,0,0,1,0,6,1,0,1,1,0,0,0,2,2,0,0,2,1,0,0,0
udokamf01w,5,0,LAS,3,0,19,1,2,1,3,0,0,0,1,5,2,0,4,1,0,0,0,0,0,0,0,0,0,0,0,0,0,0,0,0,0,0,0,0,0,0
ujhelpe01w,4,0,DET,14,0,68,4,3,9,12,3,0,1,10,8,8,2,3,0,0,0,0,0,0,0,0,0,0,0,0,0,0,0,0,0,0,0,0,0,0,0
umoh-it01w,4,0,HOU,3,0,6,0,0,0,0,1,0,0,1,1,0,0,0,0,0,0,0,0,0,0,0,0,0,0,0,0,0,0,0,0,0,0,0,0,0,0
vangomi01w,1,0,POR,28,1,199,69,16,26,42,5,3,4,30,37,50,25,35,19,0,0,0,0,0,0,0,0,0,0,0,0,0,0,0,0,0,0,0,0,0,0
vangomi01w,2,0,MIN,22,8,243,41,15,19,34,12,3,6,18,36,40,15,20,11,1,0,0,0,0,0,0,0,0,0,0,0,0,0,0,0,0,0,0,0,0,0
vangomi01w,5,0,MIN,8,0,66,22,6,7,13,1,0,1,7,8,19,9,8,4,1,0,0,0,0,0,0,0,0,0,0,0,0,0,0,0,0,0,0,0,0,0
vaughki01w,10,0,NYL,34,1,396,163,35,53,88,8,6,3,32,57,148,73,34,17,2,0,0,0,0,0,0,0,0,0,0,0,0,0,0,0,0,0,0,0,0,0
vaughkr01w,9,0,WAS,15,0,78,12,4,11,15,0,2,2,10,6,19,3,10,6,2,0,0,0,0,0,0,0,0,0,0,0,0,0,0,0,0,0,0,0,0,0
vealkr01w,2,0,PHO,29,14,658,116,14,46,60,125,33,4,82,58,125,35,42,32,50,14,0,0,0,0,0,0,0,0,0,0,0,0,0,0,0,0,0,0,0,0
vealkr01w,3,0,PHO,23,10,361,71,6,21,27,41,14,2,42,41,79,24,13,10,47,13,0,0,0,0,0,0,0,0,0,0,0,0,0,0,0,0,0,0,0,0
vilipda01w,7,0,LAS,2,0,12,0,0,2,2,0,0,1,1,2,2,0,0,0,0,0,0,0,0,0,0,0,0,0,0,0,0,0,0,0,0,0,0,0,0,0
vodicka01w,1,0,SEA,23,19,489,200,28,69,97,22,13,12,57,63,171,68,78,60,20,4,0,0,0,0,0,0,0,0,0,0,0,0,0,0,0,0,0,0,0,0
vodicka01w,2,0,SEA,29,4,405,150,25,46,71,23,16,7,34,56,122,51,44,38,25,10,0,0,0,0,0,0,0,0,0,0,0,0,0,0,0,0,0,0,0,0
vodopna01w,6,0,SEA,17,0,98,25,3,17,20,10,3,2,8,9,22,8,12,8,5,1,0,1,0,3,0,0,0,0,0,0,0,0,0,1,0,0,0,0,0,0
walkeas01w,10,0,SEA,13,0,90,23,6,17,23,4,2,2,7,20,28,7,10,8,6,1,0,1,0,1,0,0,0,0,0,0,0,1,0,0,0,0,0,0,0,0
walkeay01w,5,0,DET,18,1,148,18,10,16,26,6,1,4,5,13,28,8,6,2,0,0,0,2,0,4,0,0,0,0,1,0,0,1,1,0,0,0,0,0,0,0
walkeay01w,6,1,DET,12,11,241,59,16,31,47,13,6,10,16,15,52,25,12,9,0,0,0,0,0,0,0,0,0,0,0,0,0,0,0,0,0,0,0,0,0,0
walkeay01w,7,0,CHA,25,0,181,46,11,20,31,3,10,10,4,31,37,17,21,12,0,0,0,0,0,0,0,0,0,0,0,0,0,0,0,0,0,0,0,0,0,0
walkede01w,2,0,POR,21,0,297,113,29,29,58,10,7,12,35,51,100,44,40,23,3,2,0,0,0,0,0,0,0,0,0,0,0,0,0,0,0,0,0,0,0,0
walkede01w,8,0,SAC,5,5,105,44,17,8,25,6,3,3,15,11,42,17,14,10,0,0,0,0,0,0,0,0,0,0,0,0,0,0,0,0,0,0,0,0,0,0
walkede01w,9,0,SAC,7,0,52,11,4,2,6,1,5,0,10,10,11,5,2,1,0,0,0,3,0,47,20,4,10,14,1,2,0,6,8,16,8,5,4,0,0,0
walkema01w,9,0,HOU,2,0,11,0,5,2,7,1,0,1,4,3,4,0,2,0,0,0,0,0,0,0,0,0,0,0,0,0,0,0,0,0,0,0,0,0,0,0
walsema01w,2,0,SAC,4,0,8,4,2,0,2,0,0,0,2,2,2,1,2,2,0,0,0,0,0,0,0,0,0,0,0,0,0,0,0,0,0,0,0,0,0,0
washico01w,4,0,IND,20,10,348,63,2,27,29,48,14,2,30,32,67,19,13,11,48,14,0,0,0,0,0,0,0,0,0,0,0,0,0,0,0,0,0,0,0,0
washito01w,1,0,WAS,19,0,103,26,6,8,14,5,2,0,4,4,29,8,6,4,14,6,0,1,0,4,0,0,0,0,0,0,0,1,1,0,0,0,0,0,0,0
washito01w,2,0,WAS,30,2,336,101,19,24,43,10,4,2,14,5,114,41,11,9,29,10,0,0,0,0,0,0,0,0,0,0,0,0,0,0,0,0,0,0,0,0
washito01w,4,1,WAS,13,0,101,20,5,5,10,3,1,0,5,4,30,7,2,2,12,4,0,0,0,0,0,0,0,0,0,0,0,0,0,0,0,0,0,0,0,0
wautean01w,3,0,CLE,28,25,802,314,45,95,140,39,16,21,59,74,217,120,87,74,1,0,0,0,0,0,0,0,0,0,0,0,0,0,0,0,0,0,0,0,0,0
wautean01w,5,0,NYL,13,4,271,82,10,30,40,21,4,8,21,28,66,29,29,23,3,1,0,0,0,0,0,0,0,0,0,0,0,0,0,0,0,0,0,0,0,0
weathte01w,5,0,LAS,34,0,292,17,6,23,29,32,12,1,26,27,25,8,0,0,3,1,0,2,0,10,0,1,1,2,1,1,0,3,1,1,0,0,0,0,0,0
webbum01w,1,0,MIA,13,5,195,43,3,11,14,14,7,4,23,29,40,10,25,21,8,2,0,0,0,0,0,0,0,0,0,0,0,0,0,0,0,0,0,0,0,0
weberma01w,8,0,NYL,2,0,4,0,0,1,1,0,0,0,1,0,1,0,0,0,0,0,0,0,0,0,0,0,0,0,0,0,0,0,0,0,0,0,0,0,0,0
weckeke01w,6,0,SAS,1,0,11,4,0,0,0,2,1,0,1,0,6,2,0,0,3,0,0,0,0,0,0,0,0,0,0,0,0,0,0,0,0,0,0,0,0,0
weckeke01w,7,0,SAS,34,11,578,190,22,62,84,47,11,3,32,42,214,75,27,21,56,19,0,0,0,0,0,0,0,0,0,0,0,0,0,0,0,0,0,0,0,0
weckeke01w,8,0,SAS,14,1,73,16,4,4,8,4,3,1,3,7,20,6,6,4,4,0,0,2,0,5,3,0,1,1,0,1,0,2,1,1,1,1,1,0,0,0
weckeke01w,9,0,WAS,9,0,48,5,4,7,11,7,3,0,7,5,17,2,0,0,7,1,0,0,0,0,0,0,0,0,0,0,0,0,0,0,0,0,0,0,0,0
whitede01w,5,0,NYL,31,2,420,82,51,67,118,9,8,10,36,37,68,37,17,8,0,0,0,5,0,34,2,3,3,6,1,2,0,4,6,5,1,0,0,0,0,0
whitede01w,6,0,NYL,13,0,90,16,9,13,22,0,4,3,3,15,11,4,12,8,0,0,0,0,0,0,0,0,0,0,0,0,0,0,0,0,0,0,0,0,0,0
whiteer01w,9,0,HOU,34,2,426,121,14,33,47,47,23,3,48,60,88,25,78,70,7,1,0,0,0,0,0,0,0,0,0,0,0,0,0,0,0,0,0,0,0,0
whiteer01w,10,0,IND,2,0,18,2,0,2,2,4,1,1,0,1,6,1,0,0,3,0,0,0,0,0,0,0,0,0,0,0,0,0,0,0,0,0,0,0,0,0
whitiva01w,2,0,MIN,26,15,462,88,25,58,83,16,15,14,34,62,90,24,54,40,1,0,0,0,0,0,0,0,0,0,0,0,0,0,0,0,0,0,0,0,0,0
whitiva01w,3,0,MIN,6,3,52,13,3,6,9,5,2,2,4,10,13,4,12,5,0,0,0,0,0,0,0,0,0,0,0,0,0,0,0,0,0,0,0,0,0,0
whitmta01w,5,0,LAS,34,5,595,210,38,68,106,17,12,5,34,73,173,77,72,49,16,7,0,3,0,39,10,0,6,6,1,0,0,3,4,10,4,2,2,2,0,0
whitmta01w,10,0,CON,24,1,376,105,21,31,52,25,9,3,20,34,127,37,33,24,23,7,0,0,0,0,0,0,0,0,0,0,0,0,0,0,0,0,0,0,0,0
whittje01w,2,0,WAS,4,0,20,0,1,0,1,0,0,1,3,8,1,0,2,0,1,0,0,0,0,0,0,0,0,0,0,0,0,0,0,0,0,0,0,0,0,0
whittkh01w,10,0,IND,3,0,25,12,2,3,5,2,0,0,0,2,10,6,0,0,0,0,0,0,0,0,0,0,0,0,0,0,0,0,0,0,0,0,0,0,0,0
widemja01w,1,0,POR,5,0,35,0,2,2,4,2,2,0,6,3,2,0,0,0,0,0,0,0,0,0,0,0,0,0,0,0,0,0,0,0,0,0,0,0,0,0
wilkibr01w,7,0,SAC,4,0,14,6,0,0,0,1,0,0,2,5,7,3,0,0,0,0,0,0,0,0,0,0,0,0,0,0,0,0,0,0,0,0,0,0,0,0
wilkibr01w,9,0,SAS,1,0,0,0,0,0,0,0,0,0,0,0,0,0,0,0,0,0,0,2,0,4,0,0,0,0,0,2,0,0,0,0,0,0,0,0,0,0
williad01w,2,0,PHO,25,1,375,96,21,54,75,11,15,5,34,43,113,38,28,20,0,0,0,0,0,0,0,0,0,0,0,0,0,0,0,0,0,0,0,0,0,0
williad01w,5,1,PHO,11,8,145,65,10,11,21,5,11,5,15,16,60,27,14,11,0,0,0,0,0,0,0,0,0,0,0,0,0,0,0,0,0,0,0,0,0,0
willian01w,6,0,PHO,16,0,149,40,9,14,23,9,4,7,11,17,50,15,7,6,18,4,0,0,0,0,0,0,0,0,0,0,0,0,0,0,0,0,0,0,0,0
willibe01w,1,0,IND,1,0,3,0,0,0,0,0,0,0,0,2,0,0,0,0,0,0,0,0,0,0,0,0,0,0,0,0,0,0,0,0,0,0,0,0,0,0
willile02w,3,0,DET,27,0,177,73,7,12,19,4,4,0,14,15,101,30,5,0,54,13,0,0,0,0,0,0,0,0,0,0,0,0,0,0,0,0,0,0,0,0
willili01w,8,1,LAS,8,0,77,18,2,7,9,4,4,1,10,10,20,7,4,2,9,2,0,0,0,0,0,0,0,0,0,0,0,0,0,0,0,0,0,0,0,0
willili01w,10,0,SAC,2,0,5,0,0,0,0,0,0,0,1,1,2,0,0,0,1,0,0,0,0,0,0,0,0,0,0,0,0,0,0,0,0,0,0,0,0,0
williri01w,3,1,IND,20,1,484,120,10,27,37,43,21,2,29,34,135,39,34,25,67,17,0,0,0,0,0,0,0,0,0,0,0,0,0,0,0,0,0,0,0,0
williri01w,4,0,SEA,32,0,381,78,3,19,22,41,14,0,27,34,75,28,15,11,43,11,0,0,0,0,0,0,0,0,0,0,0,0,0,0,0,0,0,0,0,0
willish01w,4,0,LAS,25,3,229,49,11,21,32,19,6,0,7,25,53,19,14,10,16,1,0,4,0,13,0,0,0,0,0,0,0,0,2,0,0,0,0,0,0,0
willita01w,1,0,POR,26,0,174,80,5,12,17,13,8,2,10,26,69,31,8,4,41,14,0,0,0,0,0,0,0,0,0,0,0,0,0,0,0,0,0,0,0,0
willito01w,5,0,SAS,26,4,417,55,7,32,39,43,35,5,31,36,46,16,29,22,2,1,0,0,0,0,0,0,0,0,0,0,0,0,0,0,0,0,0,0,0,0
williwe01w,2,0,LAS,13,0,47,17,1,4,5,3,1,0,2,0,20,6,4,3,13,2,0,4,0,9,0,1,0,1,1,0,0,1,0,2,0,0,0,2,0,0
wilsoam01w,1,0,PHO,3,0,9,2,0,1,1,1,0,0,0,2,1,0,4,2,0,0,0,0,0,0,0,0,0,0,0,0,0,0,0,0,0,0,0,0,0,0
wirthch01w,10,0,IND,21,0,120,22,3,12,15,13,3,1,3,12,29,8,1,1,14,5,0,5,0,27,6,0,3,3,2,0,0,2,4,7,3,0,0,2,0,0
wisdoli01w,10,0,LAS,29,0,197,69,14,27,41,8,3,8,15,12,61,28,19,12,1,1,0,2,0,3,0,0,1,1,1,0,0,0,0,0,0,0,0,0,0,0
wolteka01w,3,0,SAC,14,0,78,24,8,15,23,3,0,3,6,18,28,9,10,6,0,0,0,0,0,0,0,0,0,0,0,0,0,0,0,0,0,0,0,0,0,0
wolvean01w,2,0,CLE,1,0,5,2,1,0,1,0,0,0,0,1,3,1,0,0,0,0,0,0,0,0,0,0,0,0,0,0,0,0,0,0,0,0,0,0,0,0
wrighsh01w,5,0,PHO,24,0,243,57,17,10,27,8,3,1,15,19,42,13,32,25,13,6,0,0,0,0,0,0,0,0,0,0,0,0,0,0,0,0,0,0,0,0
wrighsh01w,6,0,PHO,25,5,346,94,18,32,50,23,14,3,28,13,59,24,52,35,35,11,0,0,0,0,0,0,0,0,0,0,0,0,0,0,0,0,0,0,0,0
wrighta01w,7,0,SEA,33,0,508,124,19,41,60,41,11,2,52,53,119,42,45,38,14,2,0,2,0,12,0,0,0,0,1,0,0,2,1,3,0,0,0,1,0,0
wyckobr01w,7,0,CHI,15,13,345,50,15,25,40,33,14,12,16,40,66,16,10,8,43,10,0,0,0,0,0,0,0,0,0,0,0,0,0,0,0,0,0,0,0,0
wyckobr01w,9,0,CHI,34,23,594,75,14,65,79,46,14,20,34,80,73,25,16,9,51,16,0,0,0,0,0,0,0,0,0,0,0,0,0,0,0,0,0,0,0,0
wyckobr01w,10,0,CHI,27,23,531,83,17,56,73,38,10,20,29,61,74,28,8,7,51,20,0,0,0,0,0,0,0,0,0,0,0,0,0,0,0,0,0,0,0,0
wynneda01w,2,0,SAC,1,0,3,2,1,0,1,0,0,1,0,2,0,0,2,2,0,0,0,2,0,3,2,0,0,0,0,0,0,0,0,1,1,0,0,0,0,0
yamasli01w,3,0,MIA,15,0,147,52,3,12,15,9,4,1,10,20,43,19,10,5,17,9,0,0,0,0,0,0,0,0,0,0,0,0,0,0,0,0,0,0,0,0
yilmane01w,4,0,PHO,5,1,34,14,3,0,3,2,0,0,4,7,15,7,2,0,0,0,0,0,0,0,0,0,0,0,0,0,0,0,0,0,0,0,0,0,0,0
yilmane01w,5,0,SAS,7,0,77,19,3,7,10,2,3,1,4,15,24,6,6,6,7,1,0,0,0,0,0,0,0,0,0,0,0,0,0,0,0,0,0,0,0,0
youngca01w,2,0,POR,23,1,279,111,10,24,34,15,14,1,27,27,99,37,37,27,34,10,0,0,0,0,0,0,0,0,0,0,0,0,0,0,0,0,0,0,0,0
youngca01w,3,0,POR,19,0,186,83,5,9,14,12,4,0,18,18,74,26,24,21,22,10,0,0,0,0,0,0,0,0,0,0,0,0,0,0,0,0,0,0,0,0
youngta01w,10,1,ATL,11,0,73,30,6,8,14,5,6,1,9,9,27,9,17,11,5,1,0,0,0,0,0,0,0,0,0,0,0,0,0,0,0,0,0,0,0,0
zakalok01w,1,0,DET,23,0,258,89,15,31,46,2,5,13,19,45,73,38,11,10,7,3,0,0,0,0,0,0,0,0,0,0,0,0,0,0,0,0,0,0,0,0
zakalok01w,3,1,DET,3,0,10,2,0,0,0,0,0,1,0,3,3,1,0,0,0,0,0,0,0,0,0,0,0,0,0,0,0,0,0,0,0,0,0,0,0,0
zirkozu01w,4,0,WAS,6,0,30,11,0,2,2,1,0,0,2,3,4,2,6,6,2,1,0,0,0,0,0,0,0,0,0,0,0,0,0,0,0,0,0,0,0,0
zollsh01w,9,0,MIN,6,0,30,10,1,2,3,3,1,0,3,2,8,2,6,5,3,1,0,0,0,0,0,0,0,0,0,0,0,0,0,0,0,0,0,0,0,0
