PC1,PC2,PC3,PC4,PC5,PC6,PC7,PC8,PC9,PC10,PC11,PC12,PC13,confID,year,playoff,tmID
-4.415324514491172,-1.0525713966183834,0.6979732321627131,-2.1623562013359647,-1.1827362186679515,0.7623166991806556,-1.136279330154439,0.04348855362849797,0.3682862393369093,0.38019823037827405,0.24879537447057298,-0.8260977148087209,0.09865508623544784,0,2,1,CHA
1.5577578144494963,-0.25130233653803374,-2.292211376897309,-0.5183540090565703,0.8799388791017223,-0.21031596122732868,-0.760698107187751,0.7677163024886776,-1.5762274840877188,0.4411974292849005,0.4840630137887099,-1.2761608731195293,0.4697540837128508,0,2,1,CLE
-2.595894684459628,-0.1606578075224679,-0.4656136560251259,1.095379408031724,0.8909922196083322,0.7280576797952326,-0.2676918708791686,-1.580098635067176,-0.10228155598308564,0.5312354327555748,0.654950836797232,-0.2570724323953934,1.16290062511506,0,2,0,DET
6.186156058557289,-3.0617172824155507,0.14224281319626142,1.4810102788514956,0.05598610027304229,0.1427181594671659,-1.7229008515403526,-0.14519665674137922,0.18669813569573332,0.11867795192491744,0.27287464225273583,-0.8794059092301261,-1.1021437350859014,1,2,1,HOU
-3.297378966073357,-1.3553938086024429,0.6002714078767301,0.7973753902914136,0.899823899653753,0.6170640837162034,-0.6037002477483255,-0.5837888509391937,-1.2653244898498304,-0.2708172115746516,1.4107549298354278,-1.2002729737816638,-1.460895639952568,0,2,0,IND
4.869601007497861,-0.6884716628394736,0.3551007168128395,-0.9392048117011915,1.661979801851244,3.6417940058996074,2.41905342394824,-0.23279396939543465,1.638527585441343,0.07201579898691338,0.5683536688345724,-0.03184202069064379,0.04156809950170414,1,2,1,LAS
-2.431159575745683,-1.421413094234443,-0.9549016206882591,-0.12310718449438127,-1.0596534354249438,1.2014521962682123,-0.12074584938731753,-0.155144978113505,0.16573729457120528,0.6625405878456008,0.7201241387590072,-0.8404805162111071,-0.5239042323787706,0,2,1,MIA
-2.7008323198668798,0.44074748962403293,-1.163871479820297,0.12752155609485027,0.38693523518055734,0.5782680374749924,-2.2359223558193153,1.0271681246157593,1.1638180645271228,-0.523696191267259,-0.8984886881637415,-0.7796141401526449,0.47957964516203555,1,2,0,MIN
3.58348397851945,-2.225099847409411,-0.2657889920739775,-0.2489619890652455,-0.0747238546390742,0.704312505274626,-2.198989894774649,0.7879594332890218,-0.6366893130977264,0.5553852932747717,0.7523509127969947,-0.20540854309815237,0.427377829645031,0,2,1,NYL
0.38077835486826667,-1.9566471313615899,-1.4355951747409783,0.33969361495509487,0.7313270806636966,-1.337869158813636,-0.6919523080291227,1.4550024570916025,-0.4044825606922144,-0.8834975316806606,-0.11036829845236094,0.844491468212002,-0.08895176408471754,0,2,0,ORL
-0.08055011539771563,-3.163512258848696,0.42860702116515753,2.665043202023417,0.23270471133202733,2.587457268167553,-0.40323631847467684,-0.8697304492644281,-0.4913915721634933,-0.41512136432381586,0.3150589186704395,-0.2178933591423393,-0.20635955834563954,1,2,0,PHO
-4.126644614702948,1.7561528500843846,-0.9864962597405047,-1.3923844252264095,-0.43975751777404903,1.1001403806930512,-0.925293092135665,0.1655680376057226,-0.1288364884413131,0.28992579955672915,0.11891171353553621,-0.7358995569357907,-0.011537199223180045,1,2,0,POR
2.1101205351018595,-1.8342626431424158,0.0834107671798414,1.4353655429799557,-1.0099152719457383,0.3177447570559487,2.9811232270972083,0.9657569285840997,-0.5036842791324647,0.6934768509602597,-0.2679207635575648,1.4211330954320254,-1.0121193753485516,1,2,1,SAC
-5.051391477210052,-0.4428120396648154,-1.4871154519046081,-0.7693664547840009,-1.4419678497893835,-1.2218911531020868,-1.3392388350297462,-0.05441670392713705,0.08628122792602672,0.6489441009738582,0.7967237325975479,-1.1680685318048918,-1.3253434496939283,1,2,0,SEA
-1.3454533184671806,0.2831622233755272,3.364462751487287,0.11010819978181959,3.1272799999492364,0.24795656714015568,2.052757114595226,0.5988914197976194,-1.2691548539297026,1.8338389883739044,-0.33222270541866306,-0.38128407468098907,-0.030012668759224564,1,2,1,UTA
-0.9752219926886021,-2.484449808305202,0.61142704083157,1.3973496109856642,1.5036802701332683,-0.556119315891812,-0.45037833322795556,-0.8524700926505135,-0.6320500118631578,-0.948550530004143,0.46121921345114314,-0.12393069743591,-0.27369260443968046,0,2,0,WAS
2.7164106929304688,-2.4652877594755243,-0.03311796046111552,-1.9351775114801828,-0.4590193974801365,-0.268954991541188,-0.7025610869948602,-0.11696871085517599,-0.9139049038480775,1.0984586710220237,0.9907051263452626,0.26864529420751776,1.3651734411319745,0,3,1,CHA
3.0253058595927773,-3.953215544248802,-2.442954460159345,0.7800838208399816,1.2154935960756221,0.969858906564478,1.0456610009095897,-0.020406906678561005,2.500709181266941,0.12342777182997212,-1.4912427792653973,0.0895447401534295,1.1534038214361872,0,3,0,CLE
-3.834130413134936,-2.4596739908497782,1.1395879864137133,1.3505522446103149,1.990263081652799,-0.030401060638485165,-0.7633462662879688,0.5072221631446522,-0.8658031558550697,2.9714060281411694,-1.4758490192705123,-0.36378918082668665,-0.27671294060999524,0,3,0,DET
1.2872489578546837,-4.164168487640948,0.17330668617454698,-0.43459623421008375,-1.1949677038500897,-0.36457832061364653,1.1716173236989493,-0.6084714960046423,-0.21910084392176812,-0.5493663200080517,-0.9785327779970648,0.0438789153419144,0.6235381477493595,1,3,1,HOU
-3.0434624379247763,-2.4640256658370583,-0.5270966506645207,-1.25280983716622,-0.6992752124607253,-0.39242868744178744,0.013324515198618119,-0.23188425916558805,0.3716992497027444,0.2989695389970633,0.07885698337318323,0.887180193669327,0.03456641399098988,0,3,1,IND
7.676166483114674,0.32602972365660565,2.29137248157357,1.5131208233821494,-1.1749707435893406,-2.6626985308181235,-0.9970986612060438,-0.9022118613211305,1.8734555433317257,-0.36455547779052605,-0.5110859193861881,-0.7996666079661415,-1.0762654010222767,1,3,1,LAS
1.9413159598759075,-1.9491844063528498,-0.29018805536017866,0.5279231177436873,0.08932365199007955,0.5911640656018484,0.5388564042668603,0.5919360670622208,-0.4514756251220018,-0.7472838743126711,1.1548695840013852,0.36121802315613305,-2.023010541997563,0,3,0,MIA
-2.7479733420378536,-0.16041818558977466,0.8776343502543776,-0.8245707288827274,0.6074356295595006,-0.6527805236752278,-0.3697305391212087,1.930700525248479,0.7238865019568909,0.7611894375759614,-0.8475232840434739,0.2724929806487274,-0.2634109262654721,1,3,0,MIN
3.1102626501256925,-1.6875272426062633,-0.18628654257556376,0.6171025895963059,-1.3498599291560824,0.8624559799213355,-0.9651186586675342,1.6062592104500193,-0.8014749148756245,-0.23672077520058743,0.057098624839069544,-1.4794009248571245,0.6390428833131354,0,3,1,NYL
-2.0298871018893156,0.4957042865563038,-1.044649660090787,2.3356457674625695,0.4426909834030527,-1.288725321107024,0.7834494105636414,-0.7411123387956909,-1.1628445823817408,-0.545509461187091,0.46038350310933596,-0.5384086688786129,-0.26649437959123773,0,3,0,ORL
-2.2410432030842933,-0.23189989412602188,-0.6573464868247128,0.5636863352133923,0.03607531504425356,-1.4892566594257133,1.201993314636192,0.9063841440757276,0.20765946730736443,1.157103569316672,0.10029000355291444,0.12957244371516916,-1.6214762364938913,1,3,0,PHO
-3.3049940400189617,-0.4245758040985009,-0.4228612031450371,-1.4113366626875021,-0.6024973987264572,-1.056800177428958,-0.3818439022725838,-0.3121104065487427,0.487059437634266,-0.12060920538643013,-0.5970292097057078,0.08941069026215007,0.0272500523278739,1,3,0,POR
2.9131207339143557,-1.01082953850573,0.20108829876828963,0.2840335868260479,-0.9542894503049429,-1.726585280570313,1.7080114922833294,-0.8905550529430455,-0.27931981263204336,0.5243985481435276,2.0004706472491116,0.1820840349976588,0.5668318380328504,1,3,0,SAC
-3.2114518658959654,-2.5438036561280124,-0.49571148174749974,0.024352452401935846,-1.8100149276680697,-0.019164184916743987,-0.30764085996702706,0.027723233284346914,0.9888123508137506,0.28089880460749594,0.30550431735946687,1.2383503833632823,-1.4960814460390266,1,3,1,SEA
0.21121187599031985,-1.4875120745082224,1.4502944343240876,-1.6205212201782107,1.6896787354558445,-0.14539050751947655,0.6547690802472104,0.026667125572882693,0.31124485590545714,-0.5657739143775936,1.4415016080364813,1.0488340614741325,1.4696983621891662,1,3,1,UTA
-3.270560639491908,-3.5377469588222805,0.016195584075513317,1.3361448249507064,0.653197434948526,-1.7813679044470994,-0.2689831658011974,-1.1968678778554926,-0.8336369420808717,-0.4843089496378026,0.13019003665553006,0.18826753859507267,-0.6366785207128619,0,3,1,WAS
0.3172611942989946,-3.1734372240850552,2.2892447383752876,1.4483600989065328,-0.600946422978086,1.5595916979265132,0.5942482036331208,-0.4318614423789213,-0.04268628715591069,-0.43309680281047946,0.5308049066676552,-0.6225683358649001,1.4421768006752698,0,4,1,CHA
-2.651544735165756,-3.542478850394947,0.22832927544542636,-0.8944983205602972,-1.3641732154768158,-0.7442213359250739,-0.5840116529554152,0.020784109069670563,0.6571774783858787,-0.5038395368790852,-1.2693019078681322,-0.6528916453286095,-0.37941597847393504,0,4,1,CLE
-3.757331014434067,-1.1663419553608232,0.3878163668875655,-1.2631623923433373,0.7078621816496159,-1.731124381328848,-0.09502977930394517,-0.4711213350281035,0.7681644963990738,-0.20586530320543953,0.34994103881746147,0.16680505246456964,0.09511451180441714,0,4,1,DET
3.908131535848491,-4.254906232341139,0.393294447473573,0.2789452533031635,-0.36024397489731746,-0.808699828724817,1.9193358647006262,-0.4420522372946849,-1.3415276050131524,-1.4224889679021586,-0.9289701790254413,-0.833493393918368,-1.0681628198056536,1,4,1,HOU
0.5176490852404582,-3.2716891719043693,-0.4251206696716342,-0.11747699080260703,-1.834636628115622,-0.46301700266977147,0.19433042121585595,-0.5290728102414912,0.26981750905776475,0.20225813324849326,-0.8642615513308827,1.3842690434999407,0.9611076977741713,0,4,0,IND
5.9538657413334946,1.410092707793058,2.033260945087335,-0.33901760510089113,0.08593936949209509,-1.8424982351082027,-0.7717633208307673,-0.847939011229223,0.6132710050756255,-0.19487123959363253,0.5783602772251797,-1.0006638749547705,-1.2129614439985745,1,4,1,LAS
-3.5031219413291637,-1.1562767966004588,0.5026769130775774,0.7772954531062524,0.6516238971660769,-1.363258988320721,-0.571185875026762,-0.8770892672215459,-0.18101900053824144,-0.2552447280847944,0.44769170297729366,-1.2657133211343552,0.4731450410843529,1,4,1,MIN
2.9180417748169467,-1.3141835473314687,-0.17594153242646934,-0.6431476188268193,-0.9031792356265346,1.1484895259756018,-2.101998052156205,1.0294104999626617,-1.3581614175021444,0.10676675014245347,0.24739676265943283,-0.07638330841659162,0.6581147164765405,0,4,0,NYL
-3.7265716729006866,-1.9185917723813724,-0.13449136296075626,1.0707722827368835,0.7218704977530688,0.40016777775831314,-0.5739689574906008,-1.698720653938954,-0.44310480526273227,0.296941139156717,0.042044548795074715,0.41827616290814956,0.46254387516922063,1,4,0,PHO
-2.0783733295351987,-0.5811651281117737,1.3742979676246447,0.16631624275891854,-2.0528294582331466,-0.08577892072689437,0.9330683814127126,1.050787102001218,0.6647477926511037,1.3729513318651432,-0.33941893370520937,-0.6814390613677537,-0.16197718178027257,1,4,1,SAC
0.4347477261821534,-1.2717891439596434,-0.7314955452990535,0.022858630040715804,-0.9102807109426415,-0.23465776352936443,1.6305875095171791,0.46360855460874106,-0.04750272395558428,0.059334479778277896,1.6054746166053528,0.4180944700960876,-0.4474146569682413,1,4,0,SEA
1.6841684902991931,-3.879666182795097,-0.3626420430414851,-1.7698953088466036,0.8708010422894449,1.7842960587367602,-0.5168559694215044,-1.4423854074052698,1.614984317902103,0.5816998163031286,-1.3712482191358315,-0.4257929617919404,-0.32438574537692433,0,4,0,WAS
0.3489751224686943,-0.5840078875923121,-0.5140322952661548,-0.26291749698559214,0.04740479237911416,0.8518702564182354,0.3270875775380854,1.3747787019226836,-0.4644546140093462,-0.5623913385604975,0.8362734879556329,-0.5320993257819441,0.32334184009326306,0,5,0,CHA
0.9171263202445099,-1.2468840432731974,0.2772486742924768,-0.781352741904865,-0.2624128557176413,2.1660446123440424,-1.5308374726478684,0.8646211712613752,-1.0083022538066542,-0.6726671597224271,-0.34355566894748946,0.5542814231456045,-0.2649310130772476,0,5,1,CON
5.840781175646923,0.8633902791522329,-1.3809061670053364,-1.5217923066849486,3.5893721061378243,-1.2061581505609735,-0.6419586499130171,-2.425267400860599,1.8004296695309276,0.7661671495884028,-0.6438242200924988,0.2910140343414369,-1.5918555773685052,0,5,1,DET
2.447729964478446,-3.981002257680466,0.6876817642871779,-0.149152800692347,-1.1000994055659312,-1.8363278826178724,1.373333692309893,-0.3429158112981015,0.3886932496370408,-0.8056260418542324,-0.9191540522656618,0.670674353584923,0.4635625485557951,1,5,0,HOU
-1.2967825030616538,0.3915177059043211,0.5416569880382845,2.5871872304397496,-1.0923493440582237,-0.5316470685188553,1.2568372961171126,-0.7983811548177216,1.432611295762387,0.1254972394280105,0.7242588629429313,0.8325637811558262,1.648492588789311,0,5,0,IND
5.308204180192377,1.3742570297280055,2.4209374287945336,-0.7899600904819329,0.44937079473122704,-0.5802041285158472,-1.916417007334253,0.8870895396212403,0.1745823234678121,1.109316299424154,-0.7232590668092962,1.6809238314966828,-0.29609428341109173,1,5,1,LAS
0.3183370791146277,-0.032499733669040874,-1.3542925733587539,-0.07913504765634502,1.2390383304461592,-1.1975979692849021,-1.0751332605475425,1.7895862641494913,0.5560331965718649,-0.684377665240495,0.3812608546851951,-0.6061988036740089,0.8200671081383034,1,5,1,MIN
-1.0667145771197748,-1.596816354476448,0.4831075953842276,0.2759783083715708,0.010989475394176206,-0.6601127154306898,1.0286365976145497,1.6547622722632758,-0.34416254901254373,0.23073848648533318,-1.0463965943881697,-0.32569100508429305,-1.3164767901907861,0,5,1,NYL
-4.177199338236392,0.7082397258713056,-1.6708138393050571,2.9524874840957036,-0.03165979318193336,-1.1075860406131064,-1.067908235932722,-0.6878619399279186,0.6403620734198949,0.4612033175913338,1.175682277080265,0.4563986071779263,-0.4069904088558055,1,5,0,PHO
2.3062549858041836,-0.4580674997191535,-0.4829667230312341,1.6381917164844988,-1.7659383069736359,-0.010924856907711942,0.209401768801021,-0.6809900308884586,-0.23727701706015172,0.7582070848957351,0.9686641371285344,0.9044692232328948,0.9755819392870541,1,5,1,SAC
-3.053348749425124,0.6309289324674512,2.9630074108124154,-1.6945040975151975,1.295755078514,-0.8547615471753488,1.0957748546818473,2.1071847781317903,0.6115145291022849,2.47571455604176,-0.12045282771030447,0.6413916752207786,-0.4498428818900397,1,5,0,SAS
0.11371531048190917,-1.3893576952021056,1.144898145267915,0.025771666802420476,-0.8230635236271376,-0.8850147138563533,1.4728579487342597,1.0486941530355847,1.0004660492298258,-1.066516428644923,0.34725481032360117,-1.0958725510709033,-0.3545448178934894,1,5,1,SEA
-3.7486138573591012,-1.0837994727850353,2.0169929419506736,0.23381402946235605,-0.08215035773674209,0.6990734020496763,-1.154556386896441,-1.5238920932436253,0.3499503023780178,-0.3364241955815272,-0.15248246560639048,-0.34587171391992894,0.21049551361173924,0,5,1,WAS
-1.9799978312589568,-1.9337982654076251,2.8811802245186304,1.3074011642020726,1.3552121652253402,-0.8051267348643788,0.9728385252549001,1.168869939701392,-0.5241619756145857,2.4637588175780816,-0.5604590878501114,-0.14621318964900273,0.19766730038061733,0,6,0,CHA
2.968681222027724,-1.1604102022396412,-1.3949736285211671,-0.04940005303996869,-0.505760128265406,0.6153295250583575,-2.2578208145863035,0.6395979728665253,-0.5212921897093931,0.6703529246795866,-0.022437483440915784,1.0232363863618203,0.3750222033181898,0,6,1,CON
0.6036141881345412,0.3804957595322379,-0.1568123487898635,-1.1429196174944267,-0.40113993362247913,-0.49018310214341415,1.109321839415366,-0.3023949530098912,-0.5394860425617705,-0.9488932711493203,-0.4761814236586605,0.998683331928765,-0.25027117473725013,0,6,1,DET
-1.7967972722872363,-3.3334597151179923,0.10843702671461145,-1.2090172639247299,-2.1794919934976678,-0.674857013755535,1.5392214707606338,-1.4358931079324897,-0.27647365631559245,0.033491261665887756,-0.5663063931104085,-0.2891099207692857,-0.1843190484096285,1,6,1,HOU
-1.7093208641301691,-0.311773853503088,0.08840277771799068,-1.042941225209245,-0.7730745617323618,-0.3502688706256163,0.9883774658529474,0.12428868850664448,1.3340663953270961,0.2582153430108541,1.1024320565412007,0.48506181183251,0.4704747926465564,0,6,1,IND
2.00965880334717,2.7537536626723687,2.7298805478656267,1.8933373435551493,1.605065733196123,0.05745216192852266,1.7066043081940783,-0.20744159705546036,-0.18740818186164573,0.19864703077397916,-0.0667654984760669,-1.212208347482457,-0.06804964119956447,1,6,1,LAS
-0.08715230790413361,0.26487986866831703,-2.7811900354832857,-2.665769504996952,3.5546000715965844,1.0802516475639994,1.8210297527867865,-0.7550202964846217,0.8295786928363,0.7481969065818378,0.7585095716393798,-0.3967560332598961,-0.1668559522986758,1,6,0,MIN
0.7420361402673215,-1.9455051385207225,-0.08435709251325316,-1.1255058604436763,1.7186896116948802,-0.937587937742646,-0.9526003978902491,-0.09420315806421632,-0.9301976186526042,-0.04975980763092489,0.8312785435859744,0.42066383429894966,1.2601414556382047,0,6,1,NYL
-0.9403569277074585,1.2178002691488865,0.19145101260850458,1.0464935560122823,-0.9828113405800811,0.5003730132870289,0.037756210616550115,1.6391126486381276,2.337920503984539,-0.32157280177652925,1.375417556904324,0.1979487413451394,-0.5730959120732175,1,6,0,PHO
1.6910496967954323,0.05437471959811063,-1.4913177115013625,0.683901727373203,-1.1225940001340138,0.894547381304918,-0.8594253397997965,0.156541513073426,-0.2832333246763235,0.18550007692462483,0.30273488161345075,0.9991330181202931,-0.8207707937888786,1,6,1,SAC
-2.4811536697381227,-1.196494722197507,-0.9154451850205123,-1.2517640371658614,-1.5446712176926702,-1.280327803709149,-0.024517958047330122,-0.863751101139022,-0.6279931202308522,0.16076149903437645,-0.685237686270049,0.1570828951695921,-0.45247590688550154,1,6,0,SAS
3.667399744988853,0.5578267656411705,-1.1716342249246234,0.7657410689094172,-0.04824484042971915,-1.2604743429615886,-2.186845203515364,0.005022027072637465,1.060271570868691,1.105169269920037,1.3704951761624833,0.7666461870506698,-0.647315882526561,1,6,1,SEA
-0.8477803217818916,-1.84013490580713,1.5711792122395298,0.047329881168522624,-0.6970417764533827,2.3608111562304566,0.3675801351860009,-0.812083987114327,-0.2383893408639641,-0.14173924844018293,0.5762463880158191,0.614943491626789,-0.02108488772919799,0,6,0,WAS
-4.726914082701619,1.1398661215928672,-1.0162358274977694,0.9357561626733711,-0.15497624188894535,-0.6945728900253381,-1.2531856710267837,-0.22553406462507133,0.4516575801551915,0.7620659478829682,1.6751226383564626,-0.07935226037227833,0.066637741943831,0,7,0,CHA
4.484387977981679,-1.9420661230873297,0.18972886630182267,-0.6168048409153029,1.850974654022204,0.9738262328607381,-1.7566389921768681,1.834990458300086,-0.5086313875931276,-0.4841495075751491,0.8902990946125294,0.040293794376482395,0.03876241125056616,0,7,1,CON
-0.581260754413576,2.433122694849848,0.06909572852429573,-1.203111781344496,0.1345682861442409,-0.06185818108477275,1.0382618043096503,1.179482939241745,0.25024361740838447,-0.46757825110143175,1.3678899820208195,-0.053985942688454726,0.7188801826575403,0,7,1,DET
2.6338416321885965,-2.917505802017939,1.0763797778264785,-0.41148787323060204,-3.359475606961386,0.05458930217372321,0.4091299856014223,-0.4721362863968048,-0.3095750852744325,0.30662672278701214,-0.26169003772265004,-0.2849736542195883,0.553791065350284,1,7,1,HOU
2.4394328216255223,-0.40815975158429446,-1.671437908858922,1.2796027499984661,-1.239555708179629,1.4631834463706523,-0.1724406407854075,0.8504730587131969,-0.37809400766365886,0.5390687180068093,0.6326096801783008,-0.041580460917565634,0.23465473476100987,0,7,1,IND
-0.42336742444752967,1.319088700851168,0.7916289558444576,1.61012909846249,0.5560465757003225,0.69221027164657,-0.5648363192557575,0.4161454599690191,-0.10625536699644739,-0.9674341384403183,0.6720949858435538,0.3589291684434224,0.5097898205466584,1,7,1,LAS
-2.8136082269145213,-0.6375108548363698,0.697050599725364,1.8227956684088256,2.5011418542306396,-1.3060536955531319,0.9648487502651153,0.8601486580325289,-0.26769073499278895,2.9724116767698523,-0.6374235575793595,0.83489241315548,0.34949250180358615,1,7,0,MIN
-0.23117860979864174,-2.9776724178595044,0.3287340950653988,-1.302315916464983,1.3617572832091498,0.6374498731595064,-0.7354994781200853,1.010102876623294,-0.08442532000807258,-0.9846892636424801,0.594020685870926,-0.6779308490120279,-0.5908120701380011,0,7,0,NYL
-1.5456207046859416,-0.3051649836410842,1.9254883330908448,0.4223613575746263,1.7291188904813373,1.1234527554739084,1.1961807333450787,-0.7887893101118798,-0.17262213489250852,-0.39969629023965964,2.4347461184951436,0.3720176431024638,-0.5521493644624664,1,7,0,PHO
5.838159392301973,1.2478229380468289,-1.9094682657536772,0.995913495627814,0.11136655178639551,1.26923970017931,-0.603305626719828,-1.3791431518814585,3.0158930022901296,2.2757682367485264,0.569021589999795,-0.9344544123488612,-0.7091389832316168,1,7,1,SAC
-4.843147794287622,-1.5093730451426504,-0.12440657476862707,-2.7121449275042564,-1.0801642523941057,-1.3864991659176844,-0.6250475435953997,-0.8048223644192933,0.4784011281395624,0.63461719901352,-0.1773971684999226,-0.6054115906975254,0.4911858545350493,1,7,0,SAS
0.9980381792430477,0.12232673158317005,0.4416832201883165,-1.0642373151920421,1.163385393639729,-1.5867657408840539,0.6864333281085742,1.5159965660097494,1.4430528813764325,-0.5075064371902889,1.6005041284570427,0.5844410857419546,1.5472045131663312,1,7,1,SEA
-1.236865055450572,-1.3768832594564646,0.23646000051650265,0.6865819945698863,-2.147822143574887,1.4755788906013925,-0.5369720655870398,1.401330718175028,0.9722194834945173,-0.35781493000057035,-0.5135676459261014,-0.8852593817818446,0.46495348364587924,0,7,1,WAS
-5.280931475278033,0.7120446962977895,0.39086896652090397,0.49726665479022436,0.2607968416075146,0.8678021061790986,-1.7759116581650845,-1.4644892197145836,-1.1321116513489995,-0.3313222847281891,-0.4810637736228356,1.4900390652920512,-0.46655160155772557,0,8,0,CHI
4.888228695089921,-2.059933447395185,-1.3694768492382177,-0.5721555882266552,2.989114853433762,0.05901598202515485,0.9954045923236562,-0.5157233172399892,1.3080793937336652,-0.8210676238503753,-1.2111901444226751,0.46613601428479706,-0.6916452359984527,0,8,1,CON
5.345294623065277,2.1249060155227197,1.5511057954925773,-1.6603568876444008,0.005660757728428487,-1.0109981325114206,-2.0454437522886395,-0.5983488008840824,-0.2585273604969098,0.5283211208666562,0.33255542650851455,-1.0551014830739844,0.008644167069316755,0,8,1,DET
0.5671752855436629,-1.1211794339902204,-0.26999442589484335,-0.26944101073531385,0.4669119026546356,0.37514641332288284,0.7508706610199568,-1.6334516464375544,-2.253814723726587,-0.1493474453613795,-0.4677501372534803,-2.0333412666421284,0.3589057089192019,1,8,0,HOU
1.9521590510799935,0.34679594970857436,-2.7230414651339885,2.202454997163852,-1.6421661836241042,-0.706024105635211,1.3074378246564102,0.6420049280118162,-0.6137220642814255,-0.42790603334596977,-0.5486733866448229,-1.13025034212231,-0.7218064347828214,0,8,1,IND
2.344474265205021,2.1472762242171997,0.28697205184816477,1.3561730841339574,0.522521711549496,0.7306054097329316,1.2515347709826066,-0.7206504346456097,0.02345850262764334,-1.1932101365596366,-0.1808553688157286,-0.14722411048791592,0.22064671074846023,1,8,0,LAS
-4.383677521128905,-0.23959733511980566,1.6206888818519138,-1.1193093736347708,2.187938276638023,0.12354984746568594,-1.1176766727479233,-1.7013446041763265,-0.4741887753074301,-0.4308041063135934,-0.2501898798102245,-0.013619169197814992,0.7246702214244992,1,8,0,MIN
-3.788472823339466,1.2035045755720446,-0.9687397067535104,-0.9930171020458785,0.5969396056616552,-0.30506579274037143,-1.6133211519038644,1.0597081226352794,0.5893695768666228,-0.5817867266856498,-0.38143196716798206,0.5946644387328609,-0.12664833594379876,0,8,1,NYL
-0.85820739611361,2.2946709863641774,1.9410483594691337,-0.05961350052285632,-2.465751850642365,1.9377714081573745,0.8318990890022914,0.5025394691905254,1.282368981779329,-1.0846256467539117,-0.5119675496766639,-0.06682150203247356,-0.14667995634316458,1,8,1,PHO
2.1539297867605156,2.35380500561103,-0.5407584258147593,3.505567663264034,-1.3645713934442198,-0.2523584945808523,-0.21915363099293508,-2.5465768762565837,0.22019031386222726,0.9785712862873184,0.24625161727046313,-0.9388596474350163,0.5890262484972126,1,8,1,SAC
-2.0176849803729744,-0.8808705597750885,-0.05454999337976703,-0.6490526101004644,-1.756999355945974,-0.4130179847432955,0.051528475547732565,0.1289557235151515,0.6220733006889015,-0.47828367845100095,-1.2556969085160796,-0.6734793953559607,0.2947085404904372,1,8,1,SAS
0.43309879009704905,1.7351109456033142,0.18099871482824564,-1.300047799872404,0.5326954520299104,-1.194235009607579,-0.09806471109124884,0.5320066780272655,0.07296127740217492,-0.9411566140040265,0.10669740350178325,-1.2928184182300204,-0.22489854217948732,1,8,1,SEA
0.1658274927046618,3.747603956829733,0.5130894029326728,0.8160380840144487,-0.838961434259053,1.6792110666477598,0.7728480939657111,2.6796310763011646,-0.9864000396645107,-0.05541865640875235,-0.9951877260648795,-1.2999654134339915,-0.19267519016539403,0,8,0,WAS
-2.529182786663798,0.43641813880301755,0.30314730554066793,1.9493007279614971,-0.003411049497745824,-0.1608233518510498,-0.842933689213328,-1.1097473682253436,0.4737523309501317,-0.6093362912096086,-0.6646036109152941,0.7131854722530049,0.27613925175851306,0,9,0,CHI
0.5751049942563186,-0.7021967951917084,-0.49511076861858916,-0.6479790483916876,1.2922476550182709,1.676390648359119,-0.6782591625191584,1.0392187222342943,-1.0081463767983476,-1.3500882894628574,-0.18006150350287645,1.4963822789899346,-1.4747425443262665,0,9,1,CON
5.632480438975956,2.779491377646551,0.7569259161145026,-1.567608509629589,-0.6730073360344283,-0.952597419957703,-1.5969557521641076,-0.4174112948504471,-1.135527737180862,-0.008519259384006111,-0.34425084947986556,-1.0814897916654769,1.0484686598770812,0,9,1,DET
-2.352544319926347,2.5354408594506936,-1.556421490850445,-1.4663106691430634,-0.48297766167583184,0.024202850763146634,1.0050747926320616,-1.1494324437531656,-0.8214002080179927,-0.402747708315088,-1.3805882533620117,0.489034338833706,0.4839320515399793,1,9,0,HOU
2.0349533491152125,1.5261647745948335,-2.079777473325296,0.5044460359008237,-0.15259043782373746,-0.34562221796326287,1.2032873788486314,0.21404671881609083,-1.4262855767700504,-0.5131425324351588,-0.1848541988387853,0.20035097849845818,-0.24457996252559613,0,9,1,IND
-3.8972715509890365,2.023806713925626,0.055212831254745395,-2.218889376258562,-1.2157350543004546,1.2163012795423864,-0.15345918290127752,-0.941449061632606,-0.4318340745019802,-0.14041067365897797,-0.6343503585461263,-0.25833482199091545,-0.23945356222155265,1,9,1,LAS
-3.6951182975718773,2.0503408425323175,-0.6550989034387302,-1.4962621660023463,-0.16181591770168938,0.6487824560757691,-0.6999956256751291,0.5170104316725657,0.8571131563362887,-0.03420939853460629,-0.2876351435914571,-0.24491375751007294,0.7201761945866717,1,9,0,MIN
-0.7736073073139066,1.3982728332774041,-2.6536412198836103,-0.6682305997614788,1.4415140194958311,-0.8320840636758158,-0.7465291800944706,0.1582468886287299,-1.425613965335445,-0.7953417660490277,-1.4342578635157484,0.47881635052584853,-0.4910054174129004,0,9,1,NYL
2.9881813070866476,2.798773444249888,2.249667466540017,2.497304287633522,0.5216007426442043,1.2105471165378368,-1.5099767032736229,-1.8631530369698528,-0.738246040238729,-2.0919132624913326,-2.025720677156214,2.2632710094626396,-0.5405224194983812,1,9,0,PHO
0.5260466648131213,2.1118356082024476,-2.8810657023426054,0.9024042621974784,-0.12360023540303286,0.5161031843822191,0.41820998927028463,-0.27499588379594825,-0.470845840166072,-0.2876982401424889,-0.6947528213332136,0.6132509454595113,0.02776472840633368,1,9,1,SAC
2.2311724278662144,0.4272886971911036,-1.867183035229244,-1.8185247191704546,0.5370717180633855,2.8650753781850273,1.1982188231730824,-1.7033077511035284,0.5278184801296288,0.9697726081522282,-0.5038186053867459,0.8937363665409899,0.08071595413288166,1,9,1,SAS
-0.07796297916929602,0.8012851504658817,0.8925041317346191,0.9358562457762517,0.03330598491096439,-2.5589876608130506,0.8913581839807622,0.05450879318469029,0.44868956558328693,-1.7288669840411621,-0.27505083250163415,-0.8119254434435819,-0.5491618296606104,1,9,1,SEA
-2.413347433482664,2.658472797845118,2.192316484673216,1.5004131501590863,1.0467332851824587,2.0871158280532427,1.0294528227709172,0.6039532226263727,-1.7531715250007402,2.2635076004499246,-1.2634754752654997,-0.037131985428661925,-0.8287435382904559,0,9,0,WAS
-6.0451176852599415,4.15373621804935,0.07330472079144791,-2.8756447544734387,-1.9177461212524927,1.013152438261149,-0.04720976572392285,-1.4131934759408042,-0.5800008257106926,0.4912134941168175,0.838224924802938,-0.13309709544770132,-2.167584473440619,0,10,1,ATL
-2.0060640887167827,0.047686425022025906,-0.010708191550846858,-0.6956125403762311,-0.8263864284591609,0.06874829636026301,0.9427205719661538,-0.019466955423729067,0.27079665908483824,-0.6810936228805818,-0.08983971314895185,0.8544903859707544,-1.0645977446639683,0,10,0,CHI
1.856665419836471,-1.2366144681970348,-0.8516639801890841,-1.0619350574575899,1.6847592244160687,1.784343490205408,0.5150805928680862,0.3871887698655242,1.8697098003825177,-0.4961018638484104,-1.5106744855288603,-1.0454079611397569,0.9139323982839147,0,10,0,CON
5.58925769531596,3.328392434711075,1.953666542382249,0.5260452709594138,-2.1520759163290597,-0.4295922029915472,-1.360364615145793,0.05686357917973191,-0.0230726713992701,1.9371836907576014,-1.4323328577471564,-0.593325430087508,-0.10376018279345435,0,10,1,DET
0.40482832035853455,2.88116768228226,-1.6407279664826773,-0.3790754424320344,-0.5793791700395894,-0.07534189045505875,1.5031841846606522,0.348979372995545,-1.2035223827350425,0.19267007121329036,1.4185224767996896,0.4176303978821183,-0.6891387653043303,0,10,1,IND
2.916797545388231,3.8753608115611966,1.3329078926858153,-2.652673471900841,-0.4308197469414417,-1.5939339289416945,2.274999999088362,-0.8765437546620867,-1.183665848360017,-0.3110389498135916,1.0167825407917714,0.7744044308344507,-0.04511477868207951,1,10,1,LAS
-2.3177358103913974,3.0605058600002595,0.6883759128958034,2.606789350647615,-0.16708900768102314,0.9738912301462495,-0.33213830763425745,0.13686735852157186,1.3066081779133152,-0.3876992328650844,1.0104023696385513,0.3835663735658589,0.09830764154147677,1,10,0,MIN
1.469087960188594,2.3630400421778646,-1.2613800816024057,0.3978804199307547,0.6796716033504208,-0.9927716123524891,-0.7115350084443048,2.2527821450220635,-0.996079736608103,0.838505950568309,-1.1612781287295169,0.07251325652320818,-0.19707936978859622,0,10,0,NYL
-2.0344996693657795,3.4241126303988474,3.3053896754862433,-1.675595781446683,-1.8160526014725955,2.3384063173619234,0.9182946494596052,0.34747889098260126,1.0523393371433474,-1.5166652230805815,-0.6995589011549402,0.7014846458125304,0.16315084155366683,1,10,1,PHO
-0.568320435935835,2.6799414297632986,-2.743498474477249,1.1572320174900042,-1.2984628773737672,-1.3478787219987316,0.9716100204379139,0.34190136057825404,0.587322330370058,2.389199125543204,-1.570724165780438,1.2828513525919738,2.255582715672366,1,10,0,SAC
4.382034622626304,-0.4800246989181308,-0.6045697385121899,-1.8630172922495585,-0.677252847965071,0.5078724108535164,0.99148994290391,-0.3661869115375572,-2.981494802687998,0.49833665987616466,0.8490955604254036,0.7071246874948128,0.9206665981682856,1,10,1,SAS
1.934140339879333,1.5427261774064096,-0.2089657654566553,0.31010502830622005,-0.09228860497216128,-0.5354196523390239,1.223824718237739,1.8380319396819758,-0.12923890433936353,-1.1924682014266192,0.24930933005653505,-0.3801620287333131,0.9746695948018773,1,10,1,SEA
-4.0839858696971945,3.23253435014663,-0.08324434996070226,-0.17523272532515347,0.8150105731524565,-0.7766147548879487,-0.07488200575223831,-1.556384513367673,-0.7873993041702817,0.058572028556835444,-0.3070104205115182,-1.2950382211337084,1.6266710992345779,0,10,1,WAS
0.43962718413247176,4.923781014501637,-2.5069924192996242,-0.9914506749245809,0.8170801027047514,0.8037415847495408,2.718610314206026,-1.0570038532976194,0.9837137115009997,-0.16337481198588513,-0.6667350525497687,-1.809211190043539,-0.3801637762109091,0,11,0,ATL
-2.0201335867264665,0.26229988778832053,0.6649988816453685,1.7816331105148313,1.5673115872678833,-1.5070279750012856,-0.02022827967956435,-0.4198076616736598,0.04506515203482897,-1.5954121182444079,-0.5026558055935189,0.5418230638684167,0.291891355230003,0,11,0,CHI
-1.8572740123437332,0.35699623513607087,0.14055884145923003,0.08603611466318475,-0.01276681456503462,1.6173833521821495,-0.5708299941238795,1.5151434199791176,1.1323300270282501,-0.7587967808540367,0.5485649209747142,0.7297149215275265,-0.1591344064327066,0,11,0,CON
4.832842889684212,2.653741920706995,-2.15952915337498,0.44163604706542475,-1.6074598805889475,1.1709423148465794,-0.3410788559379299,-0.5826286345697366,-1.874218063618733,1.423112980559422,0.3737478405524278,0.6480545782442649,-0.32219384372662024,0,11,0,IND
2.089330540608719,0.9111876517854443,0.40074272902457525,-1.5346829229770513,1.0403737302662401,-2.533586602564515,0.34980948529902695,0.3435259570726758,-0.9979466017139196,-1.7268128530307714,-0.4591019354362263,0.3146191790311922,0.30936163200025807,1,11,0,LAS
-2.5439598300816364,2.221390609267851,0.2571455198635742,2.3204090895650964,-0.22038774120428803,-0.3805207529295592,-0.14632266935224456,-0.13526947935599662,0.3204469845950534,-0.8129263653088348,-0.13617489467425434,0.745703673513755,0.7560883715905837,1,11,0,MIN
-2.684475842428428,1.9018056034204645,-0.9653609738128953,1.5585933586319114,0.7167458560676448,-1.4509201166654024,-1.0427006415564588,1.1732679126918308,1.0576547048825662,-1.4688729090552413,-0.6273517533661886,0.17140548324144797,-0.6105496879321898,0,11,0,NYL
5.366907353097821,4.333288927574083,3.546669229343056,-2.661855026214772,-0.8105226417332051,-1.0244087373406798,-2.1057992315663,-1.1578822712640333,0.9200522370870122,0.5817347101966146,0.4451574248008028,1.0063600279132252,-0.09219540627321575,1,11,0,PHO
-0.5050565901818055,-0.7541401366755744,-0.8624312663075547,-0.9713123444469112,-0.3036872053686616,-0.09583613950639816,-0.47107820345644813,0.5657689827639291,-0.9039553433261701,-0.5765243718425668,-0.6740006648769366,0.7537191617379135,0.47646285057736915,1,11,0,SAS
1.576006329413536,2.718174557993088,-0.4144330404163081,0.2216469297087087,-0.3857745655759997,-1.2065187615120752,0.971799003217677,1.0391192856541231,-0.15343566162104177,-1.2535561172206755,-0.15553872896009202,0.1493941757203216,0.5123537987054589,1,11,0,SEA
-0.9268051917184122,2.7838658288849465,0.8481153084606902,1.50159100796089,1.8142789692016321,2.0323974518816468,-1.408474550045736,-0.06564087505414856,-0.5431749905172462,-1.431557750333493,-0.06905979481604772,-0.9268658690694368,1.2016541363587172,0,11,0,TUL
-2.0069681470827057,3.770984112750925,-2.1204761874178217,0.4474283304551406,1.077130256088315,-0.3234090117200277,-0.05781550621766305,0.14447919938529583,0.48695296497347157,-0.19527888442547117,0.4716247243494137,0.1530300367736443,0.0707767989543563,0,11,0,WAS
