playerID,year,tmID,CBE_Sum
abrossv01w,2,MIN,0.0
abrossv01w,3,MIN,0.5508274231678487
abrossv01w,4,MIN,0.528208742639825
abrossv01w,5,MIN,0.531852966473688
abrossv01w,6,MIN,0.5136083395738807
abrossv01w,7,MIN,0.503293364065797
abrossv01w,8,MIN,0.4956081901284956
abrossv01w,9,CON,0.5051323886917354
adamsjo01w,4,MIN,0.0
aguilel01w,3,UTA,0.0
ajavoma01w,9,HOU,0.0
ajavoma01w,10,WAS,0.478476821192053
aldrima01w,1,WAS,0.0
aldrima01w,2,WAS,0.2610294117647059
alhalta01w,2,ORL,0.0
allench01w,9,SAC,0.0
amachma01w,2,NYL,0.0
amachma01w,4,SEA,0.0
amachma01w,6,WAS,0.18085106382978725
ambermo01w,3,SAC,0.0
anderam01w,7,CON,0.0
anderam01w,7,NYL,0.0
anderch01w,4,SAC,0.0
anderch01w,5,SAC,0.18128654970760233
anderch01w,6,SAS,0.20752639173691806
anderch01w,7,SAS,0.22106144102839878
anderch01w,8,SAS,0.26724535613361794
anderjo01w,9,CON,0.0
anderke01w,1,WAS,0.0
anderke01w,2,CHA,0.2857142857142857
anderke01w,3,CHA,0.2507002801120448
andrame01w,1,CLE,0.0
andrame01w,2,CLE,0.41405269761606023
andrame01w,3,CLE,0.35372287736346125
andrame01w,5,CHA,0.29897314631248295
anosini01w,9,MIN,0.0
anosini01w,10,MIN,0.5880434782608696
arcaija01w,1,HOU,0.0
arcaija01w,2,HOU,0.38178096212896623
arcaija01w,3,HOU,0.502415611047152
arcaija01w,4,HOU,0.4881695471497143
arcaija01w,6,HOU,0.48078385050313077
askamma01w,1,MIA,0.0
askamma01w,2,MIA,0.4660529344073648
askamma01w,3,LAS,0.3699174184797845
askamma01w,3,MIA,0.3699174184797845
atkinla01w,7,IND,0.0
atkinla01w,8,SAC,0.37170263788968827
atkinla01w,9,SAC,0.3716920269094459
atkinla01w,10,SEA,0.3756485658848361
atunrmo01w,9,SAS,0.0
augusse01w,7,MIN,0.0
augusse01w,8,MIN,0.7402135231316725
augusse01w,9,MIN,0.7841049317396698
augusse01w,10,MIN,0.7594608694003429
aycocan01w,1,MIN,0.0
aycocan01w,1,SEA,0.0
azizle01w,4,IND,0.0
azzije01w,1,UTA,0.0
azzije01w,2,UTA,0.39892665474060823
azzije01w,3,UTA,0.3733222485321298
azzije01w,4,SAS,0.3661708126617326
badertr01w,1,CLE,0.0
badertr01w,2,CLE,0.31343283582089554
badertr01w,3,CLE,0.30583922492799165
bakersh01w,7,NYL,0.0
bakersh01w,8,LAS,0.44136807817589574
bakersh01w,8,NYL,0.44136807817589574
bakersh01w,9,IND,0.48897672201477715
bakersh01w,10,DET,0.45418960954831294
balesal01w,8,IND,0.0
balesal01w,9,ATL,0.5798816568047337
balesal01w,9,IND,0.5798816568047337
banchrh01w,1,SAC,0.0
baranel01w,2,MIA,0.0
baranel01w,4,NYL,0.5884146341463414
baranel01w,5,NYL,0.5712661406025825
baranel01w,6,NYL,0.5824980377554112
barksla01w,2,POR,0.0
barksla01w,3,POR,0.2857142857142857
barksla01w,4,SAS,0.3411027568922306
barnead01w,1,CLE,0.0
barnead01w,2,CLE,0.5555555555555556
barnead01w,3,SEA,0.7777777777777778
barnead01w,4,SEA,0.6348133122980992
barnead01w,5,SEA,0.5644938226074129
barnequ01w,1,SEA,0.0
barnequ01w,2,SEA,0.3021276595744681
barnequ01w,3,PHO,0.3322865372108148
batkosu01w,6,SEA,0.0
batkosu01w,10,SEA,0.527114967462039
batteja01w,6,MIN,0.0
batteja01w,7,DET,0.043478260869565216
battlas01w,6,SEA,0.0
battlas01w,7,NYL,0.25
battlas01w,8,NYL,0.3425824175824176
battlas01w,9,NYL,0.3926331044560899
battlas01w,10,NYL,0.41352244738968646
bauerca01w,1,CHA,0.0
bauerca01w,2,WAS,0.14321608040201006
bauerca01w,3,SAC,0.17454921667159326
beardal01w,5,WAS,0.0
beardal01w,6,WAS,0.5902439024390244
beardal01w,7,WAS,0.5640874684608914
beardal01w,8,WAS,0.6319268569081999
beardal01w,9,WAS,0.6341247833997128
beardal01w,10,WAS,0.6215855410054847
beckki01w,9,SEA,0.0
bennije01w,6,IND,0.0
berezva01w,9,SAS,0.0
berthlu01w,3,CLE,0.0
berthlu01w,4,CLE,0.4375
berthlu01w,5,HOU,0.4326803482587065
beviltu01w,1,POR,0.0
beviltu01w,2,POR,0.28266331658291455
beviltu01w,3,POR,0.30313368874831004
beviltu01w,4,SEA,0.2891833459430539
beviltu01w,5,SEA,0.29724465231443326
beviltu01w,6,IND,0.2936616436392561
beviltu01w,7,IND,0.2976008160529502
beviltu01w,8,IND,0.301561460234718
beviltu01w,9,IND,0.3004922488485525
beviltu01w,10,IND,0.3004629223656337
bibbyje01w,1,NYL,0.0
bibrzag01w,5,SAS,0.0
bibrzag01w,7,SAS,0.3978494623655914
birdsu01w,3,SEA,0.0
birdsu01w,4,SEA,0.567350579839429
birdsu01w,5,SEA,0.5680062758352075
birdsu01w,6,SEA,0.5693985500873213
birdsu01w,7,SEA,0.5530293047223538
birdsu01w,8,SEA,0.5496534907262398
birdsu01w,9,SEA,0.5380228128195632
birdsu01w,10,SEA,0.5397274103452756
bjorkte01w,5,CHA,0.0
blackch01w,10,CON,0.0
blackde01w,1,MIA,0.0
blackde01w,2,MIA,0.3231707317073171
blackde01w,3,MIA,0.36930206775640695
blackde01w,4,CON,0.38339084828550973
blackde01w,5,CON,0.3699828144983146
blodgci01w,1,SAC,0.0
blodgci01w,2,SAC,0.38345864661654133
blueni01w,7,WAS,0.0
blueni01w,8,WAS,0.4088397790055249
blueni01w,9,WAS,0.38656274664561957
blueni01w,10,WAS,0.34026591551669483
blueoc01w,4,HOU,0.0
blueoc01w,5,HOU,0.08108108108108109
bobbish01w,9,LAS,0.0
bobbish01w,10,LAS,0.33152173913043476
boddiwh01w,10,SAC,0.0
boltoru01w,1,SAC,0.0
boltoru01w,2,SAC,0.5449308755760369
boltoru01w,3,SAC,0.5344929291969531
boltoru01w,4,SAC,0.5453833458327946
boltoru01w,5,SAC,0.50644633854926
bondla01w,7,CHA,0.0
bondla01w,9,IND,0.31758957654723124
bonfisu01w,3,PHO,0.0
bonnede01w,10,PHO,0.0
bowenli01w,8,NYL,0.0
boydca01w,2,DET,0.0
braxtka01w,6,DET,0.0
braxtka01w,7,DET,0.5318681318681319
braxtka01w,8,DET,0.5096666564633139
braxtka01w,9,DET,0.5024689024740134
braxtka01w,10,DET,0.5421059141436457
brazian01w,1,CHA,0.0
brazian01w,2,IND,0.2660098522167488
bristre01w,2,CHA,0.0
brogami01w,1,PHO,0.0
brondsa01w,2,MIA,0.0
brondsa01w,3,MIA,0.48823529411764705
brondsa01w,4,SEA,0.44071004548608433
brownco01w,4,IND,0.0
brownco01w,5,IND,0.4157088122605364
brownco01w,6,IND,0.3648895820096652
brownco01w,7,CHI,0.359201750325284
browned01w,1,DET,0.0
browned01w,2,DET,0.37479806138933763
browned01w,3,DET,0.3836490306946688
browned01w,4,PHO,0.34926935986809127
browned01w,7,HOU,0.35594056951938907
brownki01w,3,WAS,0.0
brownki01w,4,WAS,0.3333333333333333
brownki01w,5,WAS,0.33209417596034696
brownki01w,6,HOU,0.36245631497086916
brownki01w,6,WAS,0.36245631497086916
brownki01w,7,NYL,0.2857311251170408
brownki01w,8,LAS,0.2571563286650612
brownki01w,8,MIN,0.2571563286650612
brownki01w,9,LAS,0.297630273887551
brownki01w,10,CON,0.3368067266786261
brownru01w,1,CLE,0.0
brownru01w,2,CLE,0.4889543446244477
brownru01w,3,CLE,0.48263506704906595
brownru01w,4,CHA,0.4285943182036508
brumfma01w,1,MIN,0.0
brumfma01w,2,MIA,0.22838499184339314
brumfma01w,4,CHA,0.25589290077999616
brungje01w,5,CON,0.0
brungje01w,6,CON,0.28343949044585987
brungje01w,7,CON,0.18427293671229164
brunsre01w,5,SAC,0.0
brunsre01w,6,SAC,0.5080971659919028
brunsre01w,7,SAC,0.536597059450245
brunsre01w,8,SAC,0.5648782183046301
brunsre01w,9,SAC,0.5942595220975713
brunsre01w,10,SAC,0.5976155765997515
bullevi01w,1,WAS,0.0
bullevi01w,2,WAS,0.48628884826325414
bullevi01w,3,WAS,0.4863876673748703
burgean01w,2,WAS,0.0
burgean01w,3,WAS,0.28864569083447333
burgean01w,4,WAS,0.332613984657743
burgeli01w,1,SAC,0.0
burraal01w,1,POR,0.0
burraal01w,2,POR,0.5636942675159236
burraal01w,3,POR,0.5079500749344323
burraal01w,4,SEA,0.5187281700194794
burseja01w,2,MIN,0.0
burseja01w,3,MIN,0.42011834319526625
burseja01w,4,MIN,0.34378010183019125
burseja01w,5,SEA,0.42020652146365867
burseja01w,6,SEA,0.40756734245961174
burseja01w,7,SEA,0.4201167377628
burseja01w,8,SEA,0.4396495202749701
burseja01w,10,SEA,0.4431329960204963
buttsta01w,5,MIN,0.0
byearla01w,1,SAC,0.0
byearla01w,2,LAS,0.4836852207293666
byearla01w,3,LAS,0.5219508647625182
byearla01w,4,LAS,0.5194350072353688
byearla01w,7,WAS,0.5249929220931933
byearla01w,8,HOU,0.4987822164624334
byearla01w,9,HOU,0.5038271783466252
campbed01w,1,SEA,0.0
campbed01w,2,SAC,0.4725490196078431
campbed01w,3,SAC,0.434166781466685
campbed01w,4,SAC,0.4561111876444567
campbed01w,5,SAC,0.4529259321698066
campbed01w,6,SAS,0.40872628790452
campbmi01w,1,WAS,0.0
cantydo01w,1,DET,0.0
cantydo01w,2,DET,0.44387755102040816
cantydo01w,3,DET,0.42833877551020405
cantydo01w,4,HOU,0.4039591836734694
cantydo01w,5,HOU,0.39556198034769463
cantydo01w,6,HOU,0.38190412973270116
cantydo01w,7,HOU,0.3797713284382339
cantydo01w,8,CHI,0.3937980296126194
cantydo01w,9,CHI,0.40594569859145435
cantydo01w,10,CHI,0.4083304445794082
careyja01w,6,CON,0.0
careyja01w,7,CON,0.23255813953488372
careyja01w,8,CON,0.2508944543828265
careyja01w,9,CON,0.27068381286619614
carsoes01w,9,NYL,0.0
carsoes01w,10,NYL,0.44272445820433437
carteam01w,5,DET,0.0
carteam01w,6,NYL,-0.07692307692307693
cashsw01w,3,DET,0.0
cashsw01w,4,DET,0.6163113994439295
cashsw01w,5,DET,0.6463507772060122
cashsw01w,6,DET,0.6652896584088346
cashsw01w,7,DET,0.5955829643306435
cashsw01w,8,DET,0.5754562704544138
cashsw01w,9,SEA,0.5652264193307115
cashsw01w,10,SEA,0.5596839797067987
cassija01w,1,MIA,0.0
castriz01w,3,MIA,0.0
castriz01w,4,PHO,0.3131868131868132
castriz01w,6,SEA,0.3700765526608223
castriz01w,7,SEA,0.3623794385960279
castriz01w,8,SEA,0.37979984612259343
castriz01w,9,ATL,0.4107973016125088
castriz01w,10,ATL,0.4225595993318348
catchta01w,3,IND,0.0
catchta01w,4,IND,0.803770351328192
catchta01w,5,IND,0.7903149277302117
catchta01w,6,IND,0.7792700040394621
catchta01w,7,IND,0.7605598284129017
catchta01w,8,IND,0.7653106078283606
catchta01w,9,IND,0.7845140020988549
catchta01w,10,IND,0.7747460487319128
caufila01w,3,UTA,0.0
chambco01w,8,CON,0.0
chanequ01w,9,CHI,0.0
chapmji01w,3,DET,0.0
choneka01w,5,WAS,0.0
choneka01w,6,WAS,0.2608695652173913
choneka01w,7,SEA,0.20420527441197434
chriska01w,3,PHO,0.0
chriska01w,4,PHO,0.3559322033898305
chriska01w,5,PHO,0.36461253568581053
chriska01w,6,PHO,0.2881200688355854
chriska01w,7,HOU,0.2716456071822446
chriska01w,7,PHO,0.2716456071822446
chriska01w,8,CHI,0.23777103120034115
chrissh01w,5,NYL,0.0
chrissh01w,6,NYL,0.3517857142857143
chrissh01w,7,NYL,0.38973710930602157
chrissh01w,8,NYL,0.41585310833167394
chrissh01w,9,NYL,0.41963631012199487
chrissh01w,10,NYL,0.447852659502031
cironkr01w,10,CON,0.0
clearmi01w,1,PHO,0.0
clearmi01w,2,PHO,0.30844793713163066
clinest01w,1,SAC,0.0
clinest01w,2,SAC,0.4
clinest01w,3,DET,0.28
coggicl01w,8,CHI,0.0
cokermo01w,5,LAS,0.0
colemco01w,4,CON,0.0
colemma01w,10,WAS,0.0
colleka01w,1,MIA,0.0
colleka01w,2,MIA,0.3218785796105384
consuca01w,2,UTA,0.0
coopeca01w,2,NYL,0.0
coopeca01w,3,NYL,0.6078431372549019
coopecy01w,1,HOU,0.0
coopecy01w,4,HOU,0.6230414746543779
crawlsy01w,1,POR,0.0
crawlsy01w,2,POR,0.478494623655914
crawlsy01w,3,POR,0.486261426920248
crawlsy01w,4,SAS,0.47191543235464634
crockda01w,3,UTA,0.0
crockwi01w,9,PHO,0.0
cronika01w,7,CHI,0.0
cunnibe01w,1,WAS,0.0
cunnida01w,3,ORL,0.0
currimo01w,7,CHA,0.0
currimo01w,8,CHI,0.514218009478673
currimo01w,8,WAS,0.514218009478673
currimo01w,9,WAS,0.5767811358868775
currimo01w,10,WAS,0.5535652881701535
curryed01w,4,PHO,0.0
curryed01w,6,LAS,0.18048780487804877
dalesst01w,3,WAS,0.0
dalesst01w,4,WAS,0.4236024844720497
dalesst01w,5,WAS,0.4257290979474477
dalesst01w,7,CHI,0.4206480431329105
dalesst01w,8,CHI,0.40744638477259043
daleygr01w,1,MIN,0.0
daleygr01w,2,NYL,0.37261698440207974
daleygr01w,3,HOU,0.43630849220103984
daleygr01w,4,PHO,0.42420566146735994
darlihe01w,1,CLE,0.0
darlihe01w,2,CLE,0.37050359712230213
darlihe01w,4,CLE,0.371627119897912
darlihe01w,5,MIN,0.3439052594191208
darlihe01w,6,CHA,0.32829669562516095
darlihe01w,7,CHA,0.3139706898334621
darlihe01w,8,SAS,0.31326223054490865
darlihe01w,9,SAS,0.3134144098070813
darlihe01w,10,SAS,0.3085048499605065
davenje01w,8,NYL,0.0
davenje01w,9,NYL,0.5235602094240838
davenje01w,10,IND,0.5150268579587951
davisbr01w,7,LAS,0.0
davisde01w,8,HOU,0.0
davista02w,10,DET,0.0
deforan01w,1,DET,0.0
deforan01w,4,PHO,0.46882217090069284
deforan01w,5,PHO,0.4837068600982337
deforan01w,6,PHO,0.5128647585840077
deforan01w,7,IND,0.5013594442695708
deforan01w,8,IND,0.5019866563147576
deforan01w,9,MIN,0.5036471611847297
deforan01w,10,DET,0.4989939067533811
derevje01w,5,CON,0.0
derevje01w,6,CON,0.14285714285714285
derevje01w,7,PHO,0.11878233187425388
derevje01w,8,PHO,0.21052298213458465
derevje01w,9,PHO,0.2278922366009385
desouer01w,3,LAS,0.0
desouer01w,8,CON,0.2682926829268293
desouer01w,9,ATL,0.38094941051712305
desouer01w,10,ATL,0.4573357080944479
dickeke01w,1,MIN,0.0
dickeke01w,2,UTA,0.2579013906447535
dillata01w,4,SAS,0.0
dillata01w,5,SAS,0.27380952380952384
dillata01w,6,SAS,0.2417828106852497
dixonta01w,1,LAS,0.0
dixonta01w,2,LAS,0.5022675736961452
dixonta01w,3,LAS,0.49167432738861316
dixonta01w,4,LAS,0.46939735952560285
dixonta01w,5,LAS,0.47680809641963406
dixonta01w,6,LAS,0.47191745194403145
dixonta01w,7,HOU,0.452847190184002
dixonta01w,8,HOU,0.42924731360707546
dixonta01w,9,HOU,0.4470199708347624
dixonta01w,10,IND,0.44169037715981685
donapbe01w,4,NYL,0.0
donapbe01w,5,NYL,0.0
doronsh01w,8,NYL,0.0
dossaci01w,1,ORL,0.0
dossaci01w,2,ORL,0.37073170731707317
dossaci01w,3,ORL,0.2622889305816135
douglka01w,2,ORL,0.0
douglka01w,3,ORL,0.4783599088838269
douglka01w,4,CON,0.487975135164805
douglka01w,5,CON,0.5127426168002615
douglka01w,6,CON,0.5015212483144819
douglka01w,7,CON,0.50462381227884
douglka01w,8,CON,0.5318525122263845
douglka01w,9,IND,0.5533392230632912
douglka01w,10,IND,0.5576947478699741
duffyme01w,7,MIN,0.0
duffyme01w,8,MIN,0.3049095607235142
duffyme01w,9,NYL,0.2462047803617571
dupreca01w,7,CHI,0.0
dupreca01w,8,CHI,0.6308139534883721
dupreca01w,9,CHI,0.6637372179315701
dupreca01w,10,CHI,0.6831825718590568
dydekma01w,1,UTA,0.0
dydekma01w,2,UTA,0.5651612903225807
dydekma01w,3,UTA,0.5897971400066512
dydekma01w,4,SAS,0.6458617158644037
dydekma01w,5,SAS,0.6574524424058621
dydekma01w,6,CON,0.639451689995071
dydekma01w,7,CON,0.6391853998841189
dydekma01w,8,CON,0.6534298236268798
dydekma01w,9,LAS,0.6506780008057127
edwarmi01w,1,CLE,0.0
edwarmi01w,1,SEA,0.0
edwarmi01w,2,SEA,0.23529411764705882
edwarsi01w,1,SEA,0.0
edwarsi01w,2,SEA,0.4170542635658915
edwarsi01w,3,SEA,0.43877404536319264
edwarsi01w,4,SEA,0.43949009364270475
edwarsi01w,5,SEA,0.4331704298507461
edwarsi01w,6,SEA,0.4103495734525814
edwarte01w,4,MIN,0.0
edwarte01w,5,MIN,0.3911007025761124
edwarto01w,1,PHO,0.0
edwarto01w,2,CHA,0.4038876889848812
edwarto01w,2,PHO,0.4038876889848812
edwarto01w,3,CHA,0.34172879072899975
elysh01w,6,SAS,0.0
elysh01w,7,SAS,0.3106060606060606
elysh01w,8,SEA,0.3538324420677362
elysh01w,9,SEA,0.3269048431751811
elysh01w,10,CHI,0.34222233418087167
enissh01w,1,CHA,0.0
enissh01w,2,CHA,0.49226006191950467
enissh01w,3,CHA,0.43633869869651
enissh01w,4,CHA,0.4547342737072778
erbsu01w,1,CHA,0.0
erbsu01w,2,CHA,0.3418181818181818
erbsu01w,3,CHA,0.39388206388206387
ervinla01w,10,CON,0.0
fallotr01w,2,PHO,0.0
farriba01w,1,DET,0.0
farriba01w,2,DET,0.3230769230769231
farriba01w,3,DET,0.3118067978533095
farriba01w,4,DET,0.3107080780014971
farriba01w,5,DET,0.30151764853943697
farriba01w,6,DET,0.2999818913433979
farriba01w,7,NYL,0.286396320864243
farriba01w,8,NYL,0.2978433355591817
farriba01w,9,PHO,0.29489561903622485
farriba01w,10,DET,0.29387547088934274
feastal01w,1,LAS,0.0
feastal01w,2,CHA,0.5607675906183369
feastal01w,3,CHA,0.5077919383081754
feastal01w,4,CHA,0.5093787259571936
feastal01w,5,CHA,0.5011033875335886
feastal01w,6,CHA,0.4837724438671751
feastal01w,7,CHA,0.4546952547741974
feastal01w,9,IND,0.4253374953080731
feifesu01w,6,SAC,0.0
ferdima01w,2,UTA,0.0
ferdima01w,3,UTA,0.5115740740740741
ferdima01w,4,SAS,0.523392670839854
ferdima01w,5,SAS,0.5218675153269277
ferdima01w,6,SAS,0.5127169429784963
ferdima01w,8,SAS,0.506069450278693
ferdima01w,9,LAS,0.4920641122384812
ferdima01w,10,LAS,0.4892062138514712
fernama01w,8,LAS,0.0
ferrama01w,1,NYL,0.0
figgsuk01w,1,LAS,0.0
figgsuk01w,2,LAS,0.40473225404732255
figgsuk01w,3,POR,0.4351618259483925
figgsuk01w,4,HOU,0.43675915417344713
firsool01w,1,NYL,0.0
floremi01w,1,MIA,0.0
flukety01w,7,CHA,0.0
flukety01w,8,LAS,0.30246913580246915
flukety01w,8,SEA,0.30246913580246915
flukety01w,9,CHI,0.36614684860298896
folklkr01w,1,MIN,0.0
folklkr01w,2,POR,0.44733727810650886
folklkr01w,3,POR,0.47250854624582983
fordch01w,4,DET,0.0
fordch01w,5,DET,0.606694560669456
fordch01w,6,DET,0.6070753505101666
fordch01w,7,DET,0.5935581020568492
fordch01w,8,DET,0.6467990113252456
fordch01w,9,DET,0.6600479047123704
fordch01w,10,DET,0.65809852865225
fordki01w,1,MIA,0.0
fordki01w,2,MIA,0.3018867924528302
fordst01w,2,NYL,0.0
fordst01w,3,SAC,1.0
fowlesy01w,9,CHI,0.0
fowlesy01w,10,CHI,0.6883720930232559
francde01w,1,NYL,0.0
frankaq01w,9,SAC,0.0
frankaq01w,10,SEA,0.2962962962962963
frazeme01w,10,SAS,0.0
fresest01w,1,UTA,0.0
frettla01w,1,LAS,0.0
frettla01w,2,SAC,0.32085561497326204
frettla01w,3,SAC,0.35273549979432334
frettla01w,4,SAC,0.35449856364889043
frettla01w,5,CHA,0.34920725607000114
frettla01w,5,NYL,0.34920725607000114
frettla01w,6,NYL,0.3300700302081136
friertr01w,5,SEA,0.0
frohlli01w,3,NYL,0.0
frohlli01w,4,NYL,0.1044776119402985
frohlli01w,7,IND,0.30457525456828005
frohlli01w,8,SAC,0.3509791637950269
futreca01w,5,CON,0.0
gaithka01w,1,IND,0.0
gaithka01w,1,UTA,0.0
gaithka01w,3,LAS,0.3333333333333333
gaithka01w,3,WAS,0.3333333333333333
garcibe01w,3,DET,0.0
gardike01w,9,CON,0.0
gardike01w,10,CON,0.4148148148148148
gardnan01w,3,UTA,0.0
gardnan01w,9,WAS,0.4090909090909091
garnean01w,1,SEA,0.0
gaydeco01w,1,ORL,0.0
gearlka01w,8,SEA,0.0
gearlka01w,9,SEA,0.4233409610983982
gearlka01w,10,SEA,0.43282432670304527
gibsoke01w,1,HOU,0.0
gibsoke01w,2,HOU,0.3157894736842105
gibsoke01w,3,HOU,0.27074195906432746
gibsoke01w,4,HOU,0.2614125137723536
gilloje01w,1,PHO,0.0
gilloje01w,2,PHO,0.5290556900726392
gilloje01w,3,PHO,0.523851854360329
gilloje01w,4,LAS,0.5494634025254976
gilmous01w,1,IND,0.0
gisseka01w,9,LAS,0.0
givench01w,9,DET,0.0
gomisem01w,7,NYL,0.0
goodsad01w,1,UTA,0.0
goodsad01w,2,UTA,0.6792249730893434
goodsad01w,3,UTA,0.5978092078561471
goodsad01w,4,SAS,0.5826145551617427
goodsad01w,5,SAS,0.5597679339151667
goodsad01w,6,CHA,0.5513723995665902
goodsad01w,6,HOU,0.5513723995665902
goringi01w,8,WAS,0.0
gortmsh01w,3,MIN,0.0
gortmsh01w,4,MIN,0.33875338753387535
gortmsh01w,5,WAS,0.3268766937669377
gortmsh01w,7,SEA,0.28736224028906954
granter01w,8,HOU,0.0
grecomi01w,5,SEA,0.0
greenci01w,7,SEA,0.0
grginve01w,1,LAS,0.0
grginve01w,2,LAS,0.3114754098360656
grginve01w,3,LAS,0.35080496949202383
griffyo01w,1,SAC,0.0
griffyo01w,2,SAC,0.8313840155945419
griffyo01w,3,SAC,0.8056641526440675
griffyo01w,4,SAC,0.7502810122190953
griffyo01w,5,SAC,0.725026030100282
griffyo01w,6,SAC,0.7235707755836205
griffyo01w,7,SAC,0.7157615091055464
griffyo01w,8,SAC,0.7142124410600234
griffyo01w,9,SEA,0.6869277558462197
griffyo01w,10,IND,0.6697041044874199
groomla01w,1,SAC,0.0
groomla01w,2,SAC,0.3640897755610973
groomla01w,3,SAC,0.37909829477870705
groomla01w,4,SAC,0.36214396122502035
groomla01w,5,SAC,0.35671435389748873
grubigo01w,1,IND,0.0
grubigo01w,2,IND,0.41944444444444445
grubigo01w,3,PHO,0.41242492492492494
grubigo01w,5,HOU,0.43288553396236745
grubigo01w,6,LAS,0.30383081713844234
grudasa01w,9,CON,0.0
grudasa01w,10,CON,0.5861344537815126
hairska01w,8,CON,0.0
hallam01w,3,POR,0.0
hallvi01w,1,CLE,0.0
hallvi01w,2,CLE,0.35701906412478335
hallvi01w,2,IND,0.35701906412478335
hallvi01w,3,LAS,0.35628730984016943
hammobe01w,1,NYL,0.0
hammobe01w,2,NYL,0.4622754491017964
hammobe01w,3,NYL,0.47265630290307914
hammobe01w,4,NYL,0.4663434533263825
hammobe01w,5,NYL,0.5170727650920631
hammobe01w,6,NYL,0.5193219288878099
hammobe01w,7,NYL,0.5190677091014234
hammobe01w,8,SAS,0.5277892784243655
hammobe01w,9,SAS,0.5430522353236752
hammobe01w,10,SAS,0.5553743151408751
hamzoro01w,1,ORL,0.0
hardili01w,8,MIN,0.0
hardili01w,9,MIN,0.553156146179402
hardili01w,10,WAS,0.4508589529543372
harpela01w,9,SAC,0.0
harpela01w,10,SAC,0.4357142857142857
harrido01w,1,IND,0.0
harrili01w,1,PHO,0.0
harrili01w,2,PHO,0.4093333333333333
harrili01w,3,PHO,0.40685245901639344
harrili01w,4,PHO,0.40286270719743245
harrili01w,6,PHO,0.3856792499684801
harrokr01w,2,MIN,0.0
harrokr01w,3,MIN,0.4444444444444444
harrokr01w,4,MIN,0.3843843843843844
harrokr01w,6,MIN,0.36714469981003045
harrokr01w,10,LAS,0.3600941017805998
haydeva01w,5,MIN,0.0
haydeva01w,6,MIN,0.5171428571428571
haydeva01w,7,MIN,0.5459663865546218
haydeva01w,9,MIN,0.5204241319169176
haydeva01w,10,LAS,0.5498575726218988
haynikr01w,6,SAC,0.0
haynikr01w,7,SAC,0.3847926267281106
haynikr01w,8,SAC,0.41088370832203847
haynikr01w,9,ATL,0.3632191083003192
haynikr01w,10,DET,0.36397811723346984
haynikr01w,10,SAC,0.36397811723346984
headde01w,1,PHO,0.0
hendene01w,2,HOU,0.0
hendetr01w,3,CLE,0.0
hendetr01w,4,CLE,0.21965317919075145
henniso01w,1,SEA,0.0
henniso01w,2,SEA,0.2755102040816326
henniso01w,3,HOU,0.2624779401782886
henniso01w,3,SEA,0.2624779401782886
henniso01w,4,IND,0.24152400106575603
henniso01w,4,WAS,0.24152400106575603
herriam01w,1,UTA,0.0
herriam01w,2,UTA,0.3284457478005865
herriam01w,3,UTA,0.3383300167574361
hibbeka01w,1,SEA,0.0
hicksje01w,1,ORL,0.0
hicksje01w,2,ORL,0.17197452229299362
hicksje01w,3,ORL,0.28883813833947924
hicksje01w,4,CON,0.35604071218385663
hicksje01w,5,SAS,0.3648566210944142
hillec01w,1,CHA,0.0
hillec01w,2,PHO,0.11267605633802817
hledeko01w,1,UTA,0.0
hledeko01w,2,UTA,0.4371395617070358
hledeko01w,3,NYL,0.3965917588754959
hodgedo01w,5,LAS,0.0
hodgedo01w,6,LAS,0.27346938775510204
hodgedo01w,7,LAS,0.31909642780879166
hodgedo01w,8,SEA,0.3501578524573231
hodgedo01w,9,IND,0.35352748025208325
hodgero01w,6,HOU,0.0
hodgero01w,7,HOU,0.26063829787234044
hodgero01w,8,HOU,0.336622873864537
hodgero01w,9,HOU,0.35633871349277285
hodgero01w,10,MIN,0.39955330519257237
hoffmeb01w,5,IND,0.0
hoffmeb01w,6,IND,0.32934131736526945
hoffmeb01w,7,IND,0.3477692502319305
hoffmeb01w,8,IND,0.3622809494299827
hoffmeb01w,9,IND,0.37308528251922235
hoffmeb01w,10,IND,0.4038976435869475
holdsch01w,1,WAS,0.0
holdsch01w,2,WAS,0.6887709991158267
holdsch01w,3,WAS,0.7151547303271442
holdsch01w,4,WAS,0.7948560452443842
holdsch01w,5,WAS,0.8176610212750602
holdsch01w,6,LAS,0.8081862452347799
holdsch01w,7,LAS,0.7790112201414092
holdsch01w,8,LAS,0.7665060410027079
holdsch01w,10,ATL,0.7465261192107028
hollake01w,1,SAC,0.0
hollake01w,2,SAC,0.4004282655246253
hollake01w,3,SAC,0.42847500232753
hollake01w,4,DET,0.41129671256425127
hollake01w,5,HOU,0.44752152577765536
hollake01w,7,DET,0.4265805207643718
holliqu01w,10,MIN,0.0
holmejo01w,1,DET,0.0
holmese01w,9,HOU,0.0
holtam01w,9,CON,0.0
holtam01w,10,CON,0.43977591036414565
hopeky01w,1,UTA,0.0
hornbal01w,9,DET,0.0
hornbal01w,10,DET,0.4497991967871486
houstch01w,9,MIN,0.0
houstch01w,10,MIN,0.6196213425129088
humphta01w,9,DET,0.0
humphta01w,9,WAS,0.0
humphta01w,10,MIN,0.6094276094276094
humphta01w,10,WAS,0.6094276094276094
irvinsa01w,6,PHO,0.0
irvinsa01w,7,PHO,0.5901639344262295
irvinsa01w,8,SAS,0.5582398619499569
irvinsa01w,9,SAS,0.5179932412999713
ivanyda01w,1,UTA,0.0
ivanyda01w,4,PHO,0.2474437627811861
ivanyda01w,6,SAS,0.2266630578611813
ivanyda01w,7,SAS,0.21927739386008271
iveyni01w,2,IND,0.0
iveyni01w,3,IND,0.2711864406779661
iveyni01w,4,IND,0.27112852785606734
iveyni01w,5,IND,0.2862311025440858
iveyni01w,6,DET,0.2747291928298521
iveyni01w,6,PHO,0.2747291928298521
jacksde01w,3,CLE,0.0
jacksde01w,4,CLE,0.4965034965034965
jacksde01w,5,IND,0.44025699071570634
jacksde01w,6,IND,0.4191265510244012
jacksde01w,7,CHI,0.42239576072592805
jacksgw01w,4,SAS,0.0
jacksgw01w,5,PHO,0.4256410256410256
jacksgw01w,5,SAS,0.4256410256410256
jacksgw01w,6,PHO,0.4922322775263952
jacksla01w,2,SEA,0.0
jacksla01w,3,SEA,0.6463536463536463
jacksla01w,4,SEA,0.709798138369567
jacksla01w,5,SEA,0.771966417464292
jacksla01w,6,SEA,0.7717318224440134
jacksla01w,7,SEA,0.7723174307443263
jacksla01w,8,SEA,0.8024028904001462
jacksla01w,9,SEA,0.8311912730040467
jacksla01w,10,SEA,0.827256340823786
jacksta01w,1,HOU,0.0
jacksta01w,2,HOU,0.2448377581120944
jacksta01w,3,HOU,0.31133290620536846
jacksta02w,1,DET,0.0
jacksta02w,2,POR,0.5543071161048689
jacksta02w,3,POR,0.4522038598632997
jacksta02w,4,PHO,0.49462916283757546
jacksta02w,5,WAS,0.4873601811052171
jacksta02w,6,WAS,0.4832214782175071
jacksta02w,7,PHO,0.4557148682115589
jacksti02w,8,NYL,0.0
jacksti02w,9,NYL,0.45569620253164556
jacksti02w,10,NYL,0.5453884238464679
jacobam01w,5,MIN,0.0
jacobam01w,6,MIN,0.2966751918158568
jacobam01w,7,MIN,0.30628738670290745
jacobam01w,8,MIN,0.3400800928774319
jacobam01w,9,LAS,0.3236576306336837
jacobam01w,9,WAS,0.3236576306336837
jamesta01w,7,WAS,0.0
jamesta01w,8,WAS,0.36875
januabr01w,10,IND,0.0
jekaban01w,10,CON,0.0
joensca01w,8,CHI,0.0
joensca01w,9,CHI,0.5424354243542435
johnsad01w,1,ORL,0.0
johnsad01w,3,ORL,0.44727272727272727
johnsad01w,4,CON,0.37729084868619756
johnsch01w,4,LAS,0.0
johnsja01w,2,ORL,0.0
johnsla01w,1,UTA,0.0
johnsla01w,2,UTA,0.28482328482328484
johnsla01w,3,UTA,0.23013094065725645
johnsla01w,4,SAS,0.2302483842299925
johnsla01w,5,HOU,0.21838521290367718
johnsni01w,1,CHA,0.0
johnspo01w,1,CLE,0.0
johnspo01w,2,CLE,0.2982456140350877
johnspo01w,3,MIA,0.3297950759251069
johnspo01w,4,CLE,0.345955768469422
johnspo01w,5,HOU,0.3544187494289896
johnssh01w,1,ORL,0.0
johnssh01w,2,ORL,0.5195381882770871
johnssh01w,3,ORL,0.49352705592198304
johnssh01w,4,CON,0.5311201393834242
johnssh01w,5,SAS,0.5367773222430785
johnssh01w,6,SAS,0.510973220477901
johnssh01w,7,SAS,0.49012261126781603
johnssh01w,8,DET,0.49235092734364616
johnssh01w,9,HOU,0.480896506863973
johnssh01w,10,SEA,0.4742529546001039
johnste01w,6,WAS,0.0
johnste01w,7,LAS,0.46659815005138744
johnste01w,8,LAS,0.5018634314613373
johnste01w,9,LAS,0.4802066889353899
johnste01w,10,PHO,0.46257231950052463
johnsti01w,1,HOU,0.0
johnsti01w,2,HOU,0.3071324599708879
johnsti01w,3,HOU,0.32172099189020587
johnsti01w,4,HOU,0.3572209475587057
johnsti01w,5,HOU,0.3445173819782215
johnsti01w,7,SEA,0.3404623904310621
johnsvi01w,1,NYL,0.0
johnsvi01w,2,NYL,0.5043988269794721
johnsvi01w,3,NYL,0.5035306168976168
johnsvi01w,4,NYL,0.491329101278048
johnsvi01w,5,NYL,0.49229720983569536
johnsvi01w,6,NYL,0.4740879912823186
johnsvi01w,7,SAS,0.4745780507346138
johnsvi01w,8,SAS,0.48318983745380095
johnsvi01w,9,SAS,0.4889589481476627
johnsvi01w,10,SAS,0.4890646554536275
jonesas01w,3,WAS,0.0
jonesas01w,4,WAS,0.37254901960784315
jonesas01w,5,CON,0.41755793226381466
jonesas01w,6,CON,0.4190491126870829
jonesas01w,7,CON,0.44123718912524124
jonesas01w,8,CON,0.4855508838613256
jonesas01w,9,CON,0.5079519927436028
jonesas01w,10,CON,0.5436799605507399
jonesch01w,5,DET,0.0
jonesch01w,6,DET,0.3224181360201511
jonesch01w,6,MIN,0.3224181360201511
jonesch01w,7,MIN,0.35725770022892056
jonesja01w,1,MIA,0.0
jonesla01w,1,CHA,0.0
jonesme01w,1,CLE,0.0
jonesme01w,2,CLE,0.4630801687763713
jonesme01w,3,CLE,0.4990751545284662
jonesme01w,4,CLE,0.5070007428727251
jonesme01w,5,DET,0.4676761523926391
kellycr01w,9,SAC,0.0
kellycr01w,10,DET,0.5226860254083484
kellycr01w,10,SAC,0.5226860254083484
kingbsu01w,6,MIN,0.0
kingija01w,2,DET,0.0
kingija01w,5,DET,0.4
kingija01w,5,PHO,0.4
kingija01w,7,SAS,0.26666666666666666
klimezu01w,3,IND,0.0
klimezu01w,4,IND,0.2564102564102564
koehnla01w,6,WAS,0.0
koehnla01w,7,WAS,0.5
koehnla01w,8,WAS,0.4798136645962733
koehnla01w,9,WAS,0.4483161433699926
korstil01w,2,PHO,0.0
kostaan01w,7,HOU,0.0
kostita01w,1,MIA,0.0
kraayca01w,6,NYL,0.0
kraayca01w,7,NYL,0.3826530612244898
kraayca01w,8,NYL,0.40505853504192374
kraayca01w,9,NYL,0.4268814914757258
kraayca01w,10,NYL,0.44711221121865696
kubikni01w,1,PHO,0.0
kubikni01w,2,PHO,0.15789473684210525
lacyje01w,7,PHO,0.0
lacyje01w,8,PHO,0.30753968253968256
lacyje01w,9,ATL,0.27611026680175615
lacyje01w,10,ATL,0.29151152773009636
lacyve01w,1,NYL,0.0
lambesh01w,3,CHA,0.0
lambesh01w,4,DET,0.375
lambesh01w,5,HOU,0.4281417112299465
lambesh01w,6,DET,0.39329582779119954
lambmo01w,1,HOU,0.0
langhcr01w,9,WAS,0.0
langhcr01w,10,WAS,0.46502835538752363
larkier01w,9,NYL,0.0
larkier01w,10,NYL,0.4417910447761194
lassiam01w,2,HOU,0.0
lassiam01w,3,HOU,0.3556280587275693
lassiam01w,3,SEA,0.3556280587275693
lassiam01w,4,SEA,0.2539009858855238
lassiam01w,5,MIN,0.27937562717278
lassiam01w,6,MIN,0.2900228527124636
lassiam01w,7,CHI,0.29347476529608096
lattaiv01w,8,DET,0.0
lattaiv01w,9,ATL,0.46153846153846156
lattaiv01w,10,ATL,0.48337339743589747
lawsoed01w,6,HOU,0.0
lawsoed01w,6,NYL,0.0
lawsoed01w,7,SEA,0.19298245614035087
lawsoed01w,9,SAS,0.17982456140350878
lawsoed01w,10,SAS,0.2315257841573631
lawsoka01w,4,SAC,0.0
lawsoka01w,5,SAC,0.4668400520156047
lawsoka01w,6,SAC,0.45953852661239725
lawsoka01w,7,SAC,0.4559653169541965
lawsoka01w,8,SAC,0.4561261906528971
lawsoka01w,9,SAC,0.48402239955074144
lawsoka01w,10,SAC,0.5000548544708128
lazicka01w,2,NYL,0.0
lehnish01w,10,ATL,0.0
lennobe01w,1,MIN,0.0
lennobe01w,2,MIN,0.6646341463414634
lennobe01w,3,MIA,0.6455950814694869
lennobe01w,3,MIN,0.6455950814694869
lennobe01w,4,CLE,0.613414506407082
lennobe01w,5,SEA,0.5053507348777752
lennobe01w,6,SEA,0.49785201647364874
lennobe01w,7,SEA,0.49947812967006966
lennobe01w,8,SEA,0.5013383968600597
lennobe01w,9,ATL,0.5124645877127093
lennobe01w,10,LAS,0.524420081761469
leslili01w,1,LAS,0.0
leslili01w,2,LAS,0.7821011673151751
leslili01w,3,LAS,0.803441677558846
leslili01w,4,LAS,0.7975774705738218
leslili01w,5,LAS,0.7992563352535986
leslili01w,6,LAS,0.8011441986376615
leslili01w,7,LAS,0.7844084866992678
leslili01w,9,LAS,0.8063043842985916
leslili01w,10,LAS,0.797584324929823
leuchye01w,7,CHA,0.0
leuchye01w,8,WAS,0.39473684210526316
levanni01w,2,LAS,0.0
lewista01w,3,SEA,0.0
lewisty01w,2,HOU,0.0
lewisty01w,3,HOU,0.3269689737470167
lewisty01w,4,CHA,0.301415521356267
lewisty01w,5,CHA,0.3505163304768275
lewisty01w,6,CHA,0.38039129972147806
lewisty01w,6,MIN,0.38039129972147806
lewisty01w,7,MIN,0.38624075062055596
liebena01w,9,DET,0.0
littlca01w,8,SAS,0.0
littlca01w,9,ATL,0.33473980309423346
littlca01w,9,SEA,0.33473980309423346
littlca01w,10,SEA,0.3393156029045828
lloydan01w,1,MIN,0.0
lobore01w,2,NYL,0.0
lobore01w,3,HOU,0.12941176470588237
lobore01w,4,CON,0.26925133689839575
lovelst01w,1,SEA,0.0
lovelst01w,2,SEA,0.3395061728395062
lovelst01w,5,MIN,0.38065356035340236
lovelst01w,6,MIN,0.3757621673833679
lovelst01w,7,CHI,0.40303374674964715
lovelst01w,8,WAS,0.4277239476404882
lovelst01w,9,ATL,0.3929445595416766
lovelst01w,9,DET,0.3929445595416766
luckepa01w,2,PHO,0.0
luzhe01w,2,WAS,0.0
luzhe01w,3,WAS,0.4069529652351738
luzhe01w,4,WAS,0.4218309129973338
lyttlsa01w,6,HOU,0.0
lyttlsa01w,7,HOU,0.5152173913043478
lyttlsa01w,8,HOU,0.4918192219679634
lyttlsa01w,9,HOU,0.5465883087164551
lyttlsa01w,10,ATL,0.6077939922735377
mabikmw01w,1,LAS,0.0
mabikmw01w,2,LAS,0.6159574468085106
mabikmw01w,3,LAS,0.5869642306506322
mabikmw01w,4,LAS,0.6113094871004214
mabikmw01w,5,LAS,0.5863611940201338
mabikmw01w,6,LAS,0.5820423230917546
mabikmw01w,7,LAS,0.5363522538026202
mabikmw01w,8,LAS,0.5217965667982064
mabikmw01w,9,HOU,0.5113620221951497
macchla01w,5,LAS,0.0
macchla01w,6,LAS,0.4121951219512195
machacl01w,1,LAS,0.0
machacl01w,2,CHA,0.31353919239904987
machacl01w,3,ORL,0.3265971824064215
mahonme01w,7,CON,0.0
mahonme01w,8,CON,0.3162393162393162
mahonsh01w,1,NYL,0.0
mahonsh01w,3,PHO,0.2848101265822785
maigaha01w,3,SAC,0.0
maigaha01w,4,SAC,0.2233502538071066
maigaha01w,5,SAC,0.30114881111407965
maigaha01w,6,SAC,0.3111825407427197
maigaha01w,7,SAC,0.32223494477272613
maigaha01w,8,HOU,0.3307860936207879
maigaha01w,9,HOU,0.3419579880702333
maigaha01w,10,SAC,0.35267101156625325
malcona01w,2,IND,0.0
malcona01w,3,IND,0.37872340425531914
malloso01w,4,PHO,0.0
maltsev01w,8,CON,0.0
mannish01w,1,MIA,0.0
mannkr01w,6,MIN,0.0
mannkr01w,7,MIN,0.5567567567567567
mannkr01w,8,MIN,0.47804280790857967
mannkr01w,9,ATL,0.45210412439559133
mannkr01w,9,IND,0.45210412439559133
mannkr01w,10,WAS,0.39849513365543787
mapprh01w,1,CHA,0.0
mapprh01w,2,LAS,0.594626168224299
mapprh01w,4,LAS,0.49478143854252926
marcimi01w,1,POR,0.0
marcimi01w,2,SEA,0.38361266294227186
marcimi01w,3,SEA,0.40864306616501345
martima01w,1,MIN,0.0
martima01w,2,MIN,0.30701754385964913
martinu01w,6,MIN,0.0
mascira01w,5,LAS,0.0
mascira01w,6,LAS,0.1206896551724138
mascira01w,9,LAS,0.2072130781261637
matteca01w,6,CHA,0.0
maxwemo01w,1,IND,0.0
maxwemo01w,2,IND,0.4509232264334305
maxwemo01w,3,IND,0.3641170754015892
mazzake01w,5,CHA,0.0
mazzake01w,6,CHA,0.25958702064896755
mazzake01w,7,CHA,0.33997050147492625
mazzake01w,8,PHO,0.42572746075339907
mazzake01w,9,PHO,0.45044313654865586
mazzake01w,10,PHO,0.44303781657121805
mccaibr01w,3,CLE,0.0
mccaiti01w,1,ORL,0.0
mccaiti01w,2,ORL,0.205607476635514
mccaiti01w,3,ORL,0.2193195754218294
mccanra01w,10,MIN,0.0
mccarja01w,6,CHA,0.0
mccarja01w,7,CHA,0.3054662379421222
mccarja01w,8,NYL,0.4187663731278307
mccarja01w,9,NYL,0.4899112108395287
mccarja01w,10,NYL,0.5466613493061171
mccarst01w,1,IND,0.0
mccarst01w,2,IND,0.45354330708661417
mccarst01w,4,IND,0.45891451068616423
mccarst01w,5,IND,0.4422803843626999
mcconsu01w,1,CLE,0.0
mccouan01w,10,ATL,0.0
mccrani01w,1,WAS,0.0
mccrani01w,2,WAS,0.497131931166348
mccrani01w,3,IND,0.45327611051071026
mccrani01w,4,IND,0.43198873655975517
mccrani01w,5,PHO,0.378146865771315
mccrani01w,6,SAS,0.33755792388389844
mccrani01w,7,CHI,0.30392520147057756
mccrini01w,1,LAS,0.0
mccrini01w,2,LAS,0.29918032786885246
mccrini01w,3,LAS,0.31959016393442624
mccrini01w,4,LAS,0.31231104561920553
mcculda01w,1,IND,0.0
mcculda01w,2,IND,0.4692982456140351
mcculda01w,3,SEA,0.4179824561403509
mcculda01w,4,SEA,0.30966272269821843
mcgheca01w,1,ORL,0.0
mcgheca01w,2,ORL,0.27205882352941174
mcgheca01w,3,ORL,0.21349420049710022
mckivte01w,4,CHA,0.0
mckivte01w,5,CHA,0.45454545454545453
mckivte01w,6,CHA,0.45454545454545453
mckivte01w,8,PHO,0.41352754059936375
mcwilta01w,1,ORL,0.0
mcwilta01w,2,ORL,0.5983606557377049
mcwilta01w,3,ORL,0.6122114893419403
mcwilta01w,4,CON,0.544781549900719
mcwilta01w,5,CON,0.5482097636462921
mcwilta01w,6,CON,0.5522483051800523
mcwilta01w,7,CON,0.569009629509077
mcwilta01w,8,LAS,0.5894150238018135
mcwilta01w,9,DET,0.5860965477067278
mcwilta01w,9,WAS,0.5860965477067278
mcwilta01w,10,DET,0.5906443787423168
melvich01w,1,CLE,0.0
melvich01w,2,CLE,0.5287610619469026
melvich01w,3,CLE,0.5190224407877749
melvich01w,4,CLE,0.509680047413019
melvich01w,5,WAS,0.5203373211394061
melvich01w,6,WAS,0.5018456144872825
melvich01w,7,WAS,0.4962256111846922
melvich01w,8,CHI,0.5058453186673881
melvich01w,8,WAS,0.5058453186673881
melvich01w,9,CHI,0.5034294252290409
melvich01w,10,WAS,0.5084684321819116
mendigi01w,5,SAC,0.0
miaomi01w,6,SAC,0.0
millebr01w,10,DET,0.0
milleco01w,2,WAS,0.0
milleco01w,3,WAS,0.24817518248175183
milleco01w,4,WAS,0.33868936115238035
milleco01w,5,WAS,0.38812252329613456
milleco01w,6,WAS,0.3695848281078938
milleco01w,7,WAS,0.377267862486315
milleco01w,8,WAS,0.3832855287689909
milleco01w,9,WAS,0.3728004689291508
milleco01w,10,ATL,0.3651088610172323
milleke01w,2,CHA,0.0
milleke01w,3,CHA,0.3688888888888889
milleke01w,4,CHA,0.4416646610509426
milleke01w,5,IND,0.44103329219839765
milleke01w,6,IND,0.43319285236047705
milleke01w,7,PHO,0.426592124840132
milleke01w,8,PHO,0.44169327356661275
milleke01w,9,PHO,0.4489239048153384
milleke01w,10,MIN,0.45127402517902954
millsta01w,1,WAS,0.0
millsta01w,2,WAS,0.43728813559322033
millsta01w,3,WAS,0.36911428723234685
millsta01w,4,SAS,0.2264683483509763
millsta01w,8,DET,0.23066207207404305
miltode01w,1,LAS,0.0
miltode01w,2,LAS,0.5310274669379451
miltode01w,3,LAS,0.524575567157672
miltode01w,4,LAS,0.5177639736882753
miltode01w,5,LAS,0.5269049323840703
miltode01w,6,WAS,0.4973517604767926
miltode01w,7,WAS,0.4935056376283842
miltode01w,8,WAS,0.5061794354275039
miltode01w,9,LAS,0.5075432899605032
miltode01w,10,LAS,0.5106421545055742
mitchle01w,9,NYL,0.0
mitchle01w,10,NYL,0.4305019305019305
moeggli01w,7,CHI,0.0
moeggli01w,8,CHI,0.3898916967509025
moisead01w,2,PHO,0.0
moisead01w,3,PHO,0.43089430894308944
moisead01w,8,PHO,0.409308220707409
montaan01w,10,MIN,0.0
montgre01w,10,MIN,0.0
mooreja01w,3,IND,0.0
mooreje01w,6,CHA,0.0
mooreje01w,6,LAS,0.0
mooreje01w,7,LAS,-0.061224489795918366
mooreje01w,8,LAS,-0.053548024714472946
mooreje01w,9,LAS,0.06282096974114257
mooreje01w,10,IND,0.12893390912403874
moorelo01w,6,NYL,0.0
moorelo01w,7,NYL,0.22527472527472528
moorelo01w,8,NYL,0.31746929541047186
moorelo01w,9,NYL,0.35953957613206
moorelo01w,10,NYL,0.36174368086295106
moorena01w,8,MIN,0.0
moorena01w,9,MIN,0.1724137931034483
mooreta01w,3,MIA,0.0
mooreta01w,3,MIN,0.0
mooreta01w,4,DET,0.30120481927710846
mooreta01w,4,PHO,0.30120481927710846
mooreta01w,5,PHO,0.3366667281684164
mooreta01w,6,NYL,0.37090913191025743
mooreta01w,7,LAS,0.3918182125690567
mooreta01w,8,HOU,0.3744364821999482
moosca01w,3,MIA,0.0
mosbybe01w,8,WAS,0.0
mosbybe01w,9,WAS,0.5161290322580645
mosbybe01w,10,WAS,0.47664375110170987
moweje01w,2,POR,0.0
moweje01w,3,POR,0.17647058823529413
moweje01w,4,LAS,0.025735294117647065
mulitna01w,1,UTA,0.0
murphsh01w,8,MIN,0.0
murphsh01w,9,DET,0.5619266055045872
murphsh01w,9,MIN,0.5619266055045872
murphsh01w,9,WAS,0.5619266055045872
murphsh01w,10,IND,0.46129117160475264
nagyan01w,1,WAS,0.0
nagyan01w,2,NYL,0.2780979827089337
nagyan01w,3,SAC,0.19538701952348095
nanch01w,10,CHI,0.0
ndiayas01w,1,DET,0.0
ndiayas01w,2,DET,0.5380184331797235
ndiayas01w,3,DET,0.5379029734354258
ndiayas01w,4,DET,0.5226913293693216
ndiayas01w,5,IND,0.4884470684555627
ndiayas01w,7,HOU,0.4340008980076935
ndiayas01w,8,SEA,0.42859654886467885
ndongem01w,7,LAS,0.0
nemcoev01w,1,CLE,0.0
nemcoev01w,2,CLE,0.48758465011286684
nevescl01w,1,DET,0.0
nevescl01w,2,DET,0.34591194968553457
nevescl01w,3,MIA,0.332661134547927
newtoch01w,6,SAC,0.0
newtoch01w,7,CHI,0.22797202797202798
newtoch01w,8,SAC,0.29839959423292756
newtoch01w,9,SAC,0.307170610714672
newtoch01w,10,SAC,0.3130751590538157
ngarsch01w,7,NYL,0.0
ngoyibe01w,3,NYL,0.0
ngoyibe01w,6,SAS,0.9166666666666666
ngoyibe01w,7,CHI,0.6854249667994687
ngoyibe01w,9,IND,0.6547171230018787
nieuwma01w,6,LAS,0.0
nnamach01w,9,ATL,0.0
nolande01w,2,DET,0.0
nolande01w,3,DET,0.4036697247706422
nolande01w,4,DET,0.407058742982336
nolande01w,5,DET,0.448521342281725
nolande01w,6,DET,0.4732539241102393
nolande01w,7,DET,0.49500874522388805
nolande01w,8,DET,0.5102401308238282
nolande01w,9,DET,0.5276830300678407
nolande01w,10,DET,0.5417051687918781
nygaava01w,1,POR,0.0
nygaava01w,2,POR,0.34400948991696323
nygaava01w,3,MIA,0.3013483743021109
nygaava01w,4,LAS,0.31075595156634334
ogayu01w,9,PHO,0.0
ohldeni01w,5,MIN,0.0
ohldeni01w,6,MIN,0.5255402750491159
ohldeni01w,7,MIN,0.5137335286613596
ohldeni01w,8,MIN,0.5122208198738565
ohldeni01w,9,MIN,0.5154020574216615
ohldeni01w,10,PHO,0.5010515207137155
oneilkr01w,9,SEA,0.0
osipoir01w,7,DET,0.0
owenhe01w,1,WAS,0.0
owenssh01w,1,MIA,0.0
owenssh01w,3,CHA,0.22644628099173553
pageda01w,9,CON,0.0
pagemu01w,1,WAS,0.0
pagemu01w,2,WAS,0.4541108986615679
pagemu01w,3,WAS,0.4166408891690044
pagemu01w,4,WAS,0.4133161483348918
pagemu01w,5,WAS,0.3982224053688159
pagemu01w,6,WAS,0.3892824978426424
pagemu01w,7,LAS,0.36995952352761224
pagemu01w,8,LAS,0.3696961547420941
pagemu01w,9,LAS,0.3731252837246912
paigeyo01w,6,IND,0.0
paliesa01w,7,DET,0.0
palmewe01w,1,DET,0.0
palmewe01w,2,DET,0.6039387308533917
palmewe01w,3,DET,0.5515853408491229
palmewe01w,3,ORL,0.5515853408491229
palmewe01w,4,CON,0.537982181255737
palmewe01w,5,CON,0.5297341409318228
palmewe01w,6,SAS,0.5106233404590841
palmewe01w,7,SEA,0.5145779745555981
palmewe01w,8,SEA,0.5160587368558835
parisco01w,10,SAC,0.0
parkeca01w,9,LAS,0.0
parkeca01w,10,LAS,0.8737601442741209
pascafl01w,9,SEA,0.0
pavlimi01w,2,UTA,0.0
pavlimi01w,4,PHO,0.42857142857142855
payeka01w,1,MIN,0.0
payeka01w,2,MIN,0.14950980392156862
payeka01w,3,SEA,0.20435612895464933
penicti01w,1,SAC,0.0
penicti01w,2,SAC,0.49893162393162394
penicti01w,3,SAC,0.4698959194926937
penicti01w,4,SAC,0.4867692218267039
penicti01w,5,SAC,0.4651687437345826
penicti01w,6,SAC,0.45337210838972797
penicti01w,7,SAC,0.4432541751863338
penicti01w,8,SAC,0.4351499819732912
penicti01w,9,SAC,0.4367337771592586
penicti01w,10,SAC,0.4477872411716774
pennjo01w,4,WAS,0.0
pennjo01w,5,SAS,0.4236111111111111
perkiji01w,5,CHA,0.0
perkiji01w,6,CHA,0.4117647058823529
perkiji01w,7,CHI,0.40739097363083165
perkiji01w,8,CHI,0.4356843510293535
perkiji01w,9,CHI,0.494742265896687
perkiji01w,10,CHI,0.5337439512215048
pettibr01w,1,PHO,0.0
pettibr01w,2,PHO,0.3927958833619211
pettibr01w,3,IND,0.42678023544353605
pettibr01w,4,IND,0.4009646014068018
pettibr01w,7,PHO,0.39531804564969597
philler01w,7,CON,0.0
philler01w,9,CON,0.4715447154471545
philler01w,10,CON,0.5439118926072981
phillta01w,1,NYL,0.0
phillta01w,2,NYL,0.6002044989775052
phillta01w,3,NYL,0.6103977690311739
phillta01w,4,NYL,0.5988710597637624
phillta01w,5,NYL,0.5900051825285334
phillta01w,6,HOU,0.5511038244794183
phillta01w,7,HOU,0.5216393437146336
phillta01w,8,HOU,0.4883034786537272
pierspl01w,4,PHO,0.0
pierspl01w,5,PHO,0.3372093023255814
pierspl01w,6,DET,0.3796880882736251
pierspl01w,6,PHO,0.3796880882736251
pierspl01w,7,DET,0.3920142810713056
pierspl01w,8,DET,0.38520567935693834
pierspl01w,9,DET,0.409757463839533
pierspl01w,10,DET,0.4420861538212114
pondeca01w,7,PHO,0.0
pondeca01w,8,PHO,0.6944704779756327
pondeca01w,9,PHO,0.6971317193190792
pondeca01w,10,PHO,0.7312215454143163
potthan01w,1,MIN,0.0
powelel01w,1,ORL,0.0
powelel01w,2,ORL,0.3631123919308357
powelel01w,3,DET,0.40240927653413827
powelel01w,3,ORL,0.40240927653413827
powelel01w,4,DET,0.4714634471604582
powelel01w,5,DET,0.4453183645911229
powelel01w,6,DET,0.450284542419167
powelel01w,7,CHI,0.4337897502615865
powelel01w,7,DET,0.4337897502615865
powelel01w,8,DET,0.4229162304775701
powelel01w,9,DET,0.4173624586399855
powelni01w,5,CHA,0.0
powelni01w,6,SAC,0.4661458333333333
powelni01w,7,SAC,0.47497575067476383
powelni01w,8,SAC,0.4848220580119193
powelni01w,9,SAC,0.5203102554764851
powelni01w,10,SAC,0.5359515942116966
pricear01w,8,CHI,0.0
pricear01w,9,CHI,0.5520716685330347
pricear01w,10,ATL,0.49752993649456456
pricear01w,10,CHI,0.49752993649456456
pridely01w,1,POR,0.0
pridely01w,2,MIN,0.3203463203463203
pridely01w,3,MIN,0.348812711365306
pridely01w,4,LAS,0.3451620679051106
pridely01w,4,MIN,0.3451620679051106
pringla01w,9,PHO,0.0
pringla01w,10,MIN,0.5172413793103449
queenbr01w,7,CON,0.0
queenbr01w,9,CHI,0.1
quiglal01w,9,PHO,0.0
quiglal01w,10,PHO,0.36
quinnno01w,8,MIN,0.0
quinnno01w,9,MIN,0.4
quinnno01w,10,LAS,0.39699812382739214
quinnte01w,1,IND,0.0
radunha01w,2,NYL,0.0
raglafe01w,3,SEA,0.0
raglafe01w,4,PHO,0.38657407407407407
raglafe01w,5,HOU,0.2445690883190883
raglafe01w,6,HOU,0.2732975095563748
randase01w,2,SEA,0.0
randase01w,3,SEA,0.4117647058823529
randase01w,3,UTA,0.4117647058823529
randase01w,4,SAS,0.40566401232982274
randase01w,5,SAS,0.43340563784951147
rasmukr01w,1,MIA,0.0
rasmukr01w,1,UTA,0.0
rasmukr01w,2,MIA,0.4647577092511013
rasmukr01w,3,MIA,0.2879344101811062
rasmukr01w,4,IND,0.2921165298643272
rasmukr01w,5,IND,0.31626840630032255
rasmukr01w,6,CHA,0.3343415063670394
rasmukr01w,6,HOU,0.3343415063670394
rasmukr01w,7,PHO,0.34147919364883333
rasmukr01w,8,CON,0.31732699357092126
rasmukr01w,9,MIN,0.31908832243969015
raymost01w,8,CHI,0.0
reddja01w,1,SEA,0.0
reddja01w,2,SEA,0.34366925064599485
reddja01w,3,SEA,0.3478589045339231
reedbr01w,1,PHO,0.0
reedbr01w,2,PHO,0.7577981651376147
reedbr01w,3,PHO,0.6096683133380381
reidtr01w,1,CHA,0.0
reidtr01w,2,MIA,0.4274193548387097
reidtr01w,3,PHO,0.3881701090740311
reidtr01w,4,PHO,0.3878378716075488
rileyru01w,2,MIA,0.0
rileyru01w,3,MIA,0.344180225281602
rileyru01w,4,DET,0.3445371261282769
rileyru01w,5,DET,0.38547031189121306
rileyru01w,6,DET,0.41157139351339533
rileyru01w,7,DET,0.40317524346568706
rileyru01w,8,SAS,0.40626508384045346
rileyru01w,9,SAS,0.39701671758492396
rileyru01w,10,SAS,0.38919997271439466
rizzoje01w,1,HOU,0.0
rizzoje01w,2,CLE,0.2128146453089245
rizzoje01w,3,CLE,0.27027286887294966
rizzoje01w,4,CLE,0.3053617686970743
robinas01w,5,PHO,0.0
robinas01w,6,PHO,0.18461538461538463
robinas01w,7,CHI,0.2137037469359169
robinas01w,7,SEA,0.2137037469359169
robinas01w,8,SEA,0.25537239043039617
robinas01w,9,SEA,0.24229071414259412
robinas01w,10,SEA,0.25251227791554226
robincr01w,1,NYL,0.0
robincr01w,2,NYL,0.3878116343490305
robincr01w,3,NYL,0.41992622533778057
robincr01w,4,NYL,0.42289713399547413
robincr01w,5,NYL,0.4201413106079229
robincr01w,6,NYL,0.4264501271380237
robincr01w,7,WAS,0.40594270140758937
robincr01w,8,WAS,0.3953079315268039
robinre01w,1,WAS,0.0
rolanja01w,1,ORL,0.0
rossad01w,9,SAS,0.0
rushle01w,9,CHI,0.0
salesny01w,1,ORL,0.0
salesny01w,2,ORL,0.5407035175879397
salesny01w,3,ORL,0.5388791890153366
salesny01w,4,CON,0.522400585383225
salesny01w,5,CON,0.5418908549506195
salesny01w,6,CON,0.5535856766612255
salesny01w,7,CON,0.5607937746230262
salesny01w,8,CON,0.5716960948797883
sampsch01w,1,SEA,0.0
samsh01w,1,MIA,0.0
samsh01w,2,MIA,0.5453539823008849
samsh01w,3,MIA,0.5354042638777152
samsh01w,4,MIN,0.5501638863875666
samsh01w,5,SEA,0.5516575422828051
samsh01w,6,CHA,0.5236443049460869
samsh01w,7,CHA,0.5110989362922818
samsh01w,8,IND,0.5142752787267176
samsh01w,9,DET,0.5009637961278407
sanchis01w,5,DET,0.0
sandeam01w,8,DET,0.0
sanfona01w,4,WAS,0.0
sanfona01w,5,WAS,0.23880597014925373
sanfona01w,6,WAS,0.302404516468195
sanfona01w,7,WAS,0.3074050587603666
sanfona01w,8,WAS,0.34326565847705465
sanfona01w,9,WAS,0.36837510223436004
sanfona01w,10,WAS,0.36421195626448233
sanniol01w,9,DET,0.0
sanniol01w,10,DET,0.2923076923076923
santoal01w,1,IND,0.0
santoal01w,2,SEA,0.09090909090909091
santoke01w,2,DET,0.0
santoke01w,3,DET,0.35947712418300654
santoke01w,9,SEA,0.36021193487256836
sarenra01w,1,PHO,0.0
sauerpa01w,1,LAS,0.0
sauerpa01w,2,CLE,0.3939393939393939
sauerpa01w,3,CLE,0.571969696969697
saundja01w,2,PHO,0.0
saundja01w,3,PHO,0.35968379446640314
saureau01w,2,WAS,0.0
saureau01w,3,WAS,0.23956043956043957
schumke01w,2,IND,0.0
schumke01w,3,IND,0.43157894736842106
schumke01w,4,IND,0.4146531100478469
schumke01w,5,IND,0.445879851143009
schumke01w,6,IND,0.4488025672258092
schumke01w,7,NYL,0.42066996075739155
schumke01w,8,PHO,0.42075001368001547
schumke01w,9,DET,0.42694121141002117
schumke01w,10,DET,0.4058769307702854
schwege01w,2,MIN,0.0
schwege01w,3,MIN,0.32387706855791965
schwege01w,4,MIN,0.317144821115895
scottol01w,1,DET,0.0
scottol01w,2,IND,0.2764227642276423
scottol01w,3,IND,0.3543404143718857
scottol01w,5,CHA,0.37639788308553057
scottol01w,6,SAC,0.3174742917111329
scottol01w,7,IND,0.29280296278067103
scottol01w,8,PHO,0.30165446059814827
scottol01w,9,PHO,0.2987395376555556
shakiel01w,1,HOU,0.0
shakiel01w,2,HOU,0.5333333333333333
shakiel01w,3,CHA,0.43908045977011495
sharpkb01w,4,NYL,0.0
sharpkb01w,5,NYL,0.3417085427135678
sharpkb01w,7,IND,0.3021042713567839
sharpkb01w,8,IND,0.3089297292916193
sharpkb01w,9,CHI,0.31980302384096126
sharpkb01w,10,CHI,0.30801633211624724
shielas01w,8,HOU,0.0
shielas01w,9,DET,0.4342105263157895
shielas01w,9,HOU,0.4342105263157895
slaisma01w,1,DET,0.0
slauggw01w,5,MIN,0.0
slavtge01w,4,PHO,0.0
smithai01w,4,WAS,0.0
smithai01w,5,WAS,0.3056872037914692
smithbr01w,9,PHO,0.0
smithbr01w,10,PHO,0.39552238805970147
smithch02w,1,CHA,0.0
smithch02w,2,CHA,0.3232169954476479
smithch02w,3,CHA,0.33638725878577086
smithch02w,4,CHA,0.334745063909615
smithch02w,5,CHA,0.3114425451105408
smithch02w,6,WAS,0.3158889388519946
smithch02w,7,IND,0.31777746191334166
smithch03w,1,SEA,0.0
smithch03w,2,SEA,0.1686046511627907
smithch03w,4,PHO,0.162400797567813
smithcr01w,7,PHO,0.0
smithcr01w,8,HOU,0.4010152284263959
smithcr01w,9,MIN,0.36595417351041615
smithcr01w,9,WAS,0.36595417351041615
smithje01w,6,NYL,0.0
smithka01w,1,MIN,0.0
smithka01w,2,MIN,0.6144174350377201
smithka01w,3,MIN,0.6224437256225878
smithka01w,4,MIN,0.5804575042521997
smithka01w,5,MIN,0.5817566302988544
smithka01w,6,DET,0.5861553042390836
smithka01w,6,MIN,0.5861553042390836
smithka01w,7,DET,0.5485304354276626
smithka01w,8,DET,0.5352565985127821
smithka01w,9,DET,0.5219994797233105
smithka01w,10,DET,0.5218421142423328
smithki01w,7,SAC,0.0
smithki01w,8,SAC,0.2779552715654952
smithki01w,9,SAC,0.1389776357827476
smithla01w,1,ORL,0.0
smithta01w,1,SAC,0.0
smithta01w,2,SAC,0.5794594594594594
smithta01w,3,SAC,0.5611113086770981
smithta01w,4,SAC,0.5575172913915053
smithta01w,5,SAC,0.5664645405517427
smithta01w,6,CHA,0.5615416764942576
smithta01w,7,CHA,0.5491680794241107
smithta01w,8,PHO,0.5552246089361279
smithta01w,9,PHO,0.5593989581922463
smithta01w,10,PHO,0.5586470271650376
smithty01w,8,DET,0.0
smithwa01w,9,DET,0.0
snellbe01w,6,PHO,0.0
snellbe01w,7,PHO,0.37610619469026546
snellbe01w,8,PHO,0.45005309734513277
snellbe01w,10,SAS,0.4671879735459291
snowmi01w,3,HOU,0.0
snowmi01w,4,HOU,0.44583333333333336
snowmi01w,5,HOU,0.48047764227642276
snowmi01w,6,HOU,0.48791827887483796
snowmi01w,7,HOU,0.5041374669201036
snowmi01w,8,HOU,0.5279330891139724
snowmi01w,9,HOU,0.5329935682825704
snowmi01w,10,ATL,0.5374591065920029
spencsi01w,8,LAS,0.0
spencsi01w,9,LAS,0.5120772946859904
spencsi01w,10,NYL,0.478876784815279
spornra01w,2,DET,0.0
stafftr01w,2,HOU,0.0
stafftr01w,3,MIA,0.4383561643835616
staleda01w,1,CHA,0.0
staleda01w,2,CHA,0.37852593266606005
staleda01w,3,CHA,0.3832733829996967
staleda01w,4,CHA,0.38086902881726553
staleda01w,5,CHA,0.3777328029204998
staleda01w,6,CHA,0.3755020778569598
staleda01w,6,HOU,0.3755020778569598
staleda01w,7,HOU,0.37651488944220335
stansti01w,7,LAS,0.0
stansti01w,8,MIN,0.5217391304347826
starbka01w,1,UTA,0.0
starbka01w,2,UTA,0.42058823529411765
starbka01w,3,SEA,0.4102941176470588
starbka01w,3,UTA,0.4102941176470588
starbka01w,5,IND,0.388224752266498
stedika01w,1,SAC,0.0
stedika01w,2,SEA,0.4077669902912621
stepama01w,1,PHO,0.0
stepama01w,2,PHO,0.36470588235294116
stepama01w,6,PHO,0.503211836881992
stephst01w,5,DET,0.0
stevema01w,5,SAS,0.0
stevema01w,6,SEA,0.17374517374517376
stevema01w,7,PHO,0.16234428498579442
stileja01w,2,POR,0.0
stileja01w,3,POR,0.48289345063538613
stinsan01w,1,CHA,0.0
stinsan01w,2,CHA,0.6562778272484416
stinsan01w,3,CHA,0.630325792351855
stinsan01w,4,CHA,0.6367084229714121
stinsan01w,5,CHA,0.6080313172285592
stinsan01w,6,DET,0.5646747320325255
stiresh01w,1,MIN,0.0
stiresh01w,2,MIN,0.2222222222222222
stiresh01w,3,MIN,0.25787728026533996
stockta01w,2,WAS,0.0
streiju01w,1,IND,0.0
streiju01w,2,IND,0.41509433962264153
streiju01w,6,IND,0.4621440580715754
strotan01w,7,PHO,0.0
strotan01w,8,IND,0.5897435897435898
strotan01w,9,ATL,0.5340022296544036
summela01w,6,CON,0.0
summela01w,7,CON,0.23255813953488372
sun-mju01w,4,SEA,0.0
suttota01w,2,CHA,0.0
suttota01w,3,CHA,0.45182724252491696
suttota01w,4,CHA,0.4965350901890122
suttota01w,5,CHA,0.4776283317309464
suttota01w,6,CHA,0.4796130013755294
suttota01w,7,CHA,0.46734316321992747
suttota01w,8,IND,0.4802859693499395
suttota01w,9,IND,0.49556073120360267
suttota01w,10,IND,0.5001689870834871
swanike01w,9,CON,0.0
swanike01w,10,PHO,0.3203463203463203
swoopsh01w,1,HOU,0.0
swoopsh01w,3,HOU,0.8513761467889909
swoopsh01w,4,HOU,0.7857400664620864
swoopsh01w,5,HOU,0.7483039557471719
swoopsh01w,6,HOU,0.7133307705486968
swoopsh01w,7,HOU,0.7078074735818145
swoopsh01w,8,HOU,0.6998005574177887
swoopsh01w,9,SEA,0.6604759494847893
tateso01w,1,MIN,0.0
tauradi01w,5,PHO,0.0
tauradi01w,6,PHO,0.6371681415929203
tauradi01w,7,PHO,0.6206961001812168
tauradi01w,8,PHO,0.7063321223430334
tauradi01w,9,PHO,0.7185295795621531
tauradi01w,10,PHO,0.7589418538620957
tayloli01w,5,PHO,0.0
taylope01w,2,CLE,0.0
taylope01w,3,CLE,0.6203208556149733
taylope01w,4,CLE,0.6080679167942709
taylope01w,5,PHO,0.6136191457173387
taylope01w,6,PHO,0.5886994893995282
taylope01w,7,PHO,0.5841051314257258
taylope01w,8,PHO,0.6089557687254182
taylope01w,10,PHO,0.6341261610291421
teaslni01w,3,LAS,0.0
teaslni01w,4,LAS,0.37528344671201813
teaslni01w,5,LAS,0.4647653566613076
teaslni01w,6,LAS,0.465801338830012
teaslni01w,7,WAS,0.4428174288049046
teaslni01w,8,WAS,0.4635872763772571
teaslni01w,10,ATL,0.4401654470257303
teaslni01w,10,DET,0.4401654470257303
teilaza01w,7,WAS,0.0
terryka01w,7,IND,0.0
terryka01w,8,IND,0.33962264150943394
terryka01w,9,ATL,0.16981132075471697
terryka01w,9,IND,0.16981132075471697
thomaca01w,8,CHI,0.0
thomach01w,5,LAS,0.0
thomach01w,6,LAS,0.4259597806215722
thomach01w,7,LAS,0.35336450569540145
thomach01w,8,LAS,0.38709148864541915
thomach01w,9,LAS,0.4270373664840644
thomach01w,10,MIN,0.39697580513693703
thomala01w,4,CLE,0.0
thomala01w,5,SAS,0.5669014084507042
thomala01w,6,SAS,0.5433054760095846
thomala01w,7,SAS,0.5041178420921982
thomala01w,8,LAS,0.5176547772331054
thomala01w,9,DET,0.5065262858521927
thomala01w,9,MIN,0.5065262858521927
thomast01w,1,POR,0.0
thomast01w,2,POR,0.34530706836616454
thomast01w,3,POR,0.30945740827509194
thomast01w,4,DET,0.34586478855483854
thomast01w,4,PHO,0.34586478855483854
thomast01w,5,DET,0.3508620060502753
thomast01w,6,DET,0.36411206473326835
thomast01w,6,MIN,0.36411206473326835
thompal01w,1,IND,0.0
thompal01w,2,IND,0.5025252525252525
thompal01w,3,IND,0.5714726000159072
thompal01w,5,SEA,0.5126165528768467
thompal01w,6,SEA,0.4874843926796131
thompti01w,1,HOU,0.0
thompti01w,2,HOU,0.6743330266789328
thompti01w,3,HOU,0.6819940995463629
thompti01w,4,HOU,0.6577679294821127
thompti01w,5,HOU,0.6450199922861225
thompti01w,6,HOU,0.6500562907536065
thompti01w,7,HOU,0.6111896576325612
thompti01w,8,HOU,0.6234252894650195
thompti01w,9,HOU,0.6305862692867543
thompti01w,10,LAS,0.6309742629538375
thorbsh01w,7,MIN,0.0
thorbsh01w,8,SEA,0.24113475177304963
thorner01w,4,NYL,0.0
thorner01w,5,NYL,0.30386740331491713
thorner01w,6,NYL,0.28334395806771495
thorner01w,7,NYL,0.30055442853118597
thorner01w,8,NYL,0.35835232933489747
thorner01w,9,NYL,0.3725255780772045
thorner01w,10,CHI,0.3648239466432844
threaro01w,1,SEA,0.0
tilliic01w,5,DET,0.0
tilliic01w,7,NYL,0.3693379790940767
tilliic01w,8,DET,0.37607523954703836
tilliic01w,8,LAS,0.37607523954703836
timmsmi01w,1,PHO,0.0
timmsmi01w,2,PHO,0.23295454545454544
tolivkr01w,10,CHI,0.0
torniel01w,1,DET,0.0
torniel01w,2,DET,0.48676639815880324
torrele01w,2,MIA,0.0
traviti01w,1,CHA,0.0
tremich01w,1,IND,0.0
turneba01w,7,SEA,0.0
turneba01w,8,HOU,0.42765273311897106
turneba01w,9,CON,0.44196324868876313
turneba01w,10,CON,0.47412934527968814
tuvicsl01w,2,PHO,0.0
tuvicsl01w,3,PHO,0.27692307692307694
tuvicsl01w,4,PHO,0.2853365384615385
tuvicsl01w,5,PHO,0.3162517562346329
udokamf01w,4,HOU,0.0
udokamf01w,5,LAS,0.32669322709163345
ujhelpe01w,4,DET,0.0
umoh-it01w,4,HOU,0.0
valdeam01w,1,HOU,0.0
vangomi01w,1,POR,0.0
vangomi01w,2,MIN,0.2814070351758794
vangomi01w,3,MIN,0.22712327067435945
vangomi01w,4,MIN,0.26694581681320934
vangomi01w,5,MIN,0.28827754442808884
vaughki01w,10,NYL,0.0
vaughkr01w,9,WAS,0.0
vealkr01w,2,PHO,0.0
vealkr01w,3,PHO,0.3009118541033435
vilipda01w,7,LAS,0.0
vodicka01w,1,SEA,0.0
vodicka01w,2,SEA,0.45807770961145194
vodicka01w,3,SEA,0.4475573733242445
vodicka01w,4,SEA,0.47013820808315604
vodicka01w,5,SEA,0.4742538676279524
vodicka01w,6,PHO,0.46119003568311795
vodicka01w,7,PHO,0.47973712880211106
vodopna01w,6,SEA,0.0
walkeas01w,10,SEA,0.0
walkeay01w,3,DET,0.0
walkeay01w,4,DET,0.4708029197080292
walkeay01w,5,DET,0.43097341557357177
walkeay01w,6,CHA,0.3706489437157145
walkeay01w,6,DET,0.3706489437157145
walkeay01w,7,CHA,0.3486388816998294
walkeay01w,8,DET,0.36521815930177226
walkede01w,1,POR,0.0
walkede01w,2,POR,0.2508038585209003
walkede01w,3,POR,0.31732112117964206
walkede01w,4,SAC,0.37506942669837773
walkede01w,5,SAC,0.41204531326702654
walkede01w,6,SAC,0.410405481382852
walkede01w,7,SAC,0.4484705655893889
walkede01w,8,SAC,0.47246596424295956
walkede01w,9,SAC,0.4788839091887801
walkede01w,10,SAC,0.43208484235583866
walkema01w,9,HOU,0.0
walsema01w,2,SAC,0.0
walsema01w,3,WAS,0.25
washico01w,1,HOU,0.0
washico01w,2,HOU,0.2711864406779661
washico01w,3,HOU,0.31673833386316863
washico01w,3,IND,0.31673833386316863
washico01w,4,IND,0.27897168771393666
washito01w,1,WAS,0.0
washito01w,2,WAS,0.3786407766990291
washito01w,3,WAS,0.39914181692094314
washito01w,4,SEA,0.39095136019242716
washito01w,4,WAS,0.39095136019242716
wautean01w,1,CLE,0.0
wautean01w,2,CLE,0.45484949832775917
wautean01w,3,CLE,0.4750131736011786
wautean01w,5,NYL,0.4816796053434291
wautean01w,6,NYL,0.45904568186735045
wautean01w,9,SAS,0.4780442815575891
wautean01w,10,SAS,0.5165675135428889
weathte01w,1,NYL,0.0
weathte01w,2,NYL,0.3877551020408163
weathte01w,3,NYL,0.41102334157482295
weathte01w,4,NYL,0.36276468753485747
weathte01w,5,LAS,0.34944002050551204
webbum01w,1,MIA,0.0
weberma01w,8,NYL,0.0
weckeke01w,6,SAS,0.0
weckeke01w,7,SAS,0.5454545454545454
weckeke01w,8,SAS,0.49850581944007544
weckeke01w,9,WAS,0.43279383396461646
whaleli01w,5,CON,0.0
whaleli01w,6,CON,0.4080338266384778
whaleli01w,7,CON,0.47908854655706123
whaleli01w,8,CON,0.5021256202753618
whaleli01w,9,CON,0.5451038305911368
whaleli01w,10,CON,0.5849817428870063
whitede01w,5,NYL,0.0
whitede01w,6,NYL,0.36666666666666664
whiteer01w,9,HOU,0.0
whiteer01w,10,IND,0.31220657276995306
whiteta01w,6,IND,0.0
whiteta01w,7,IND,0.36507936507936506
whiteta01w,8,IND,0.42079471609672947
whiteta01w,9,IND,0.43669310839266706
whiteta01w,10,CON,0.4374191601535607
whitiva01w,2,MIN,0.0
whitiva01w,3,MIN,0.2597402597402597
whitmta01w,1,NYL,0.0
whitmta01w,2,NYL,0.40783744557329465
whitmta01w,3,NYL,0.3807804249143069
whitmta01w,4,NYL,0.4206908735184427
whitmta01w,5,LAS,0.41211596801854045
whitmta01w,6,LAS,0.41137344668374
whitmta01w,7,IND,0.41405802490820565
whitmta01w,8,IND,0.4396480597334559
whitmta01w,9,CON,0.44889659772131935
whitmta01w,10,CON,0.46085600734150206
whittje01w,2,WAS,0.0
whittkh01w,9,IND,0.0
whittkh01w,10,IND,0.26344086021505375
wickssu01w,1,NYL,0.0
wickssu01w,2,NYL,0.38676470588235295
wickssu01w,3,NYL,0.4168042798514755
widemja01w,1,POR,0.0
wiggica01w,9,MIN,0.0
wiggica01w,10,MIN,0.6674757281553398
wilkibr01w,7,SAC,0.0
wilkibr01w,9,SAS,0.0
williad01w,1,PHO,0.0
williad01w,2,PHO,0.3190883190883191
williad01w,3,PHO,0.3262108262108262
williad01w,4,PHO,0.362120808969708
williad01w,5,PHO,0.40483933769174796
williad01w,5,SAS,0.40483933769174796
williad01w,7,MIN,0.42869905636029504
williad01w,8,SAC,0.40870335233603994
williad01w,9,SAC,0.4287714916978703
willian01w,6,PHO,0.0
willian01w,7,DET,0.3691275167785235
willibe01w,1,IND,0.0
willile01w,5,CON,0.0
willile01w,6,CON,0.5714285714285714
willile01w,7,CON,0.37362637362637363
willile01w,8,CON,0.4117636749215696
willile01w,9,PHO,0.3846040061911773
willile01w,10,PHO,0.41343860063639504
willile02w,3,DET,0.0
willili01w,7,LAS,0.0
willili01w,8,LAS,0.4625
willili01w,8,NYL,0.4625
willili01w,9,NYL,0.3351461038961039
willili01w,10,SAC,0.3699275512173601
willina01w,1,UTA,0.0
willina01w,2,UTA,0.7507218479307026
willina01w,3,UTA,0.6831616758450505
willina01w,4,IND,0.6221077838967003
willina01w,5,IND,0.6122165115468137
willina01w,6,IND,0.598978230157953
williri01w,1,IND,0.0
williri01w,2,IND,0.4822485207100592
williri01w,3,HOU,0.4858459494145305
williri01w,3,IND,0.4858459494145305
williri01w,4,SEA,0.41017180941360853
willish01w,4,LAS,0.0
willita01w,1,POR,0.0
willito01w,5,SAS,0.0
williwe01w,2,LAS,0.0
wilsoam01w,1,PHO,0.0
wirthch01w,10,IND,0.0
wisdoli01w,10,LAS,0.0
witheso01w,1,POR,0.0
witheso01w,2,POR,0.5626767200754006
witheso01w,3,LAS,0.5179972927523174
witheso01w,4,LAS,0.5175847873469825
wolteka01w,1,IND,0.0
wolteka01w,2,SAC,0.5825977301387137
wolteka01w,3,SAC,0.533362357132849
wolvean01w,2,CLE,0.0
wrighsh01w,5,PHO,0.0
wrighsh01w,6,PHO,0.2551440329218107
wrighta01w,6,SEA,0.0
wrighta01w,7,SEA,0.2897727272727273
wrighta01w,8,SEA,0.27579187544738726
wrighta01w,9,SEA,0.2892847725407932
wrighta01w,10,SEA,0.3206145695046048
wyckobr01w,2,ORL,0.0
wyckobr01w,3,ORL,0.25771604938271603
wyckobr01w,4,CON,0.2640720324734592
wyckobr01w,6,CON,0.2824497876533878
wyckobr01w,7,CHI,0.2734984145655442
wyckobr01w,8,CHI,0.2727117751306962
wyckobr01w,9,CHI,0.2859136587627597
wyckobr01w,10,CHI,0.27392887922810855
wynneda01w,2,SAC,0.0
yamasli01w,3,MIA,0.0
yamasli01w,4,NYL,0.3469387755102041
yilmane01w,4,PHO,0.0
yilmane01w,5,SAS,0.23529411764705882
youngca01w,2,POR,0.0
youngca01w,3,POR,0.4336917562724014
youngso01w,7,SAS,0.0
youngso01w,8,SAS,0.6338694418164617
youngso01w,9,SAS,0.6320341784127517
youngso01w,10,SAS,0.6629753472783303
youngta01w,9,ATL,0.0
youngta01w,10,ATL,0.4080536912751678
youngta01w,10,CHI,0.4080536912751678
zakalok01w,1,DET,0.0
zakalok01w,3,DET,0.35271317829457366
zakalok01w,3,PHO,0.35271317829457366
zarafr01w,6,SEA,0.0
zellosh01w,10,DET,0.0
zirkozu01w,4,WAS,0.0
zollsh01w,9,MIN,0.0
